Model,Year,country,ISO3,Real,Predicție,Reziduu,Eroare absolută
Dummy Mean,2019,Albania,ALB,61.902,63.493067750677504,-1.591067750677503,1.591067750677503
Dummy Mean,2019,Austria,AUT,72.485,63.493067750677504,8.991932249322495,8.991932249322495
Dummy Mean,2019,Belgium,BEL,64.907,63.493067750677504,1.4139322493224924,1.4139322493224924
Dummy Mean,2019,Bulgaria,BGR,69.01,63.493067750677504,5.516932249322501,5.516932249322501
Dummy Mean,2019,Bosnia and Herzegovina,BIH,49.239,63.493067750677504,-14.254067750677507,14.254067750677507
Dummy Mean,2019,Belarus,BLR,75.141,63.493067750677504,11.647932249322501,11.647932249322501
Dummy Mean,2019,Switzerland,CHE,80.225,63.493067750677504,16.73193224932249,16.73193224932249
Dummy Mean,2019,Cyprus,CYP,71.806,63.493067750677504,8.312932249322493,8.312932249322493
Dummy Mean,2019,Czechia,CZE,69.6,63.493067750677504,6.10693224932249,6.10693224932249
Dummy Mean,2019,Germany,DEU,74.844,63.493067750677504,11.35093224932249,11.35093224932249
Dummy Mean,2019,Denmark,DNK,76.059,63.493067750677504,12.565932249322493,12.565932249322493
Dummy Mean,2019,Spain,ESP,68.728,63.493067750677504,5.23493224932249,5.23493224932249
Dummy Mean,2019,Estonia,EST,75.479,63.493067750677504,11.985932249322495,11.985932249322495
Dummy Mean,2019,Finland,FIN,76.474,63.493067750677504,12.9809322493225,12.9809322493225
Dummy Mean,2019,France,FRA,68.195,63.493067750677504,4.701932249322489,4.701932249322489
Dummy Mean,2019,United Kingdom,GBR,73.52,63.493067750677504,10.026932249322492,10.026932249322492
Dummy Mean,2019,Greece,GRC,59.523,63.493067750677504,-3.970067750677501,3.970067750677501
Dummy Mean,2019,Croatia,HRV,61.551,63.493067750677504,-1.9420677506775021,1.9420677506775021
Dummy Mean,2019,Hungary,HUN,69.222,63.493067750677504,5.72893224932249,5.72893224932249
Dummy Mean,2019,Ireland,IRL,67.408,63.493067750677504,3.914932249322497,3.914932249322497
Dummy Mean,2019,Iceland,ISL,84.479,63.493067750677504,20.985932249322495,20.985932249322495
Dummy Mean,2019,Italy,ITA,56.474,63.493067750677504,-7.019067750677507,7.019067750677507
Dummy Mean,2019,Lithuania,LTU,76.903,63.493067750677504,13.409932249322502,13.409932249322502
Dummy Mean,2019,Luxembourg,LUX,67.44,63.493067750677504,3.9469322493224936,3.9469322493224936
Dummy Mean,2019,Latvia,LVA,75.117,63.493067750677504,11.6239322493225,11.6239322493225
Dummy Mean,2019,Moldova,MDA,71.158,63.493067750677504,7.664932249322497,7.664932249322497
Dummy Mean,2019,North Macedonia,MKD,53.783,63.493067750677504,-9.710067750677503,9.710067750677503
Dummy Mean,2019,Malta,MLT,63.806,63.493067750677504,0.3129322493224933,0.3129322493224933
Dummy Mean,2019,Montenegro,MNE,58.844,63.493067750677504,-4.649067750677503,4.649067750677503
Dummy Mean,2019,Netherlands,NLD,79.472,63.493067750677504,15.97893224932249,15.97893224932249
Dummy Mean,2019,Norway,NOR,77.547,63.493067750677504,14.053932249322493,14.053932249322493
Dummy Mean,2019,Poland,POL,64.207,63.493067750677504,0.7139322493224896,0.7139322493224896
Dummy Mean,2019,Portugal,PRT,72.804,63.493067750677504,9.310932249322498,9.310932249322498
Dummy Mean,2019,Romania,ROU,53.648,63.493067750677504,-9.8450677506775,9.8450677506775
Dummy Mean,2019,Russian Federation,RUS,68.955,63.493067750677504,5.461932249322494,5.461932249322494
Dummy Mean,2019,Serbia,SRB,61.166,63.493067750677504,-2.3270677506775073,2.3270677506775073
Dummy Mean,2019,Slovak Republic,SVK,66.42,63.493067750677504,2.9269322493224976,2.9269322493224976
Dummy Mean,2019,Slovenia,SVN,72.119,63.493067750677504,8.625932249322496,8.625932249322496
Dummy Mean,2019,Sweden,SWE,81.157,63.493067750677504,17.663932249322492,17.663932249322492
Dummy Mean,2019,Turkiye,TUR,38.369,63.493067750677504,-25.124067750677504,25.124067750677504
Dummy Mean,2019,Ukraine,UKR,62.889,63.493067750677504,-0.6040677506775012,0.6040677506775012
Dummy Mean,2020,Albania,ALB,61.474,63.493067750677504,-2.0190677506775074,2.0190677506775074
Dummy Mean,2020,Austria,AUT,72.424,63.493067750677504,8.930932249322503,8.930932249322503
Dummy Mean,2020,Belgium,BEL,64.484,63.493067750677504,0.9909322493224906,0.9909322493224906
Dummy Mean,2020,Bulgaria,BGR,67.883,63.493067750677504,4.3899322493224915,4.3899322493224915
Dummy Mean,2020,Bosnia and Herzegovina,BIH,48.233,63.493067750677504,-15.260067750677507,15.260067750677507
Dummy Mean,2020,Belarus,BLR,75.108,63.493067750677504,11.6149322493225,11.6149322493225
Dummy Mean,2020,Switzerland,CHE,80.032,63.493067750677504,16.538932249322492,16.538932249322492
Dummy Mean,2020,Cyprus,CYP,70.645,63.493067750677504,7.151932249322492,7.151932249322492
Dummy Mean,2020,Czechia,CZE,68.982,63.493067750677504,5.488932249322495,5.488932249322495
Dummy Mean,2020,Germany,DEU,74.325,63.493067750677504,10.831932249322499,10.831932249322499
Dummy Mean,2020,Denmark,DNK,76.049,63.493067750677504,12.555932249322503,12.555932249322503
Dummy Mean,2020,Spain,ESP,67.353,63.493067750677504,3.8599322493224903,3.8599322493224903
Dummy Mean,2020,Estonia,EST,75.784,63.493067750677504,12.290932249322502,12.290932249322502
Dummy Mean,2020,Finland,FIN,76.429,63.493067750677504,12.935932249322498,12.935932249322498
Dummy Mean,2020,France,FRA,67.685,63.493067750677504,4.191932249322498,4.191932249322498
Dummy Mean,2020,United Kingdom,GBR,73.987,63.493067750677504,10.49393224932249,10.49393224932249
Dummy Mean,2020,Greece,GRC,58.589,63.493067750677504,-4.904067750677505,4.904067750677505
Dummy Mean,2020,Croatia,HRV,61.798,63.493067750677504,-1.6950677506775023,1.6950677506775023
Dummy Mean,2020,Hungary,HUN,69.631,63.493067750677504,6.137932249322496,6.137932249322496
Dummy Mean,2020,Ireland,IRL,66.199,63.493067750677504,2.705932249322494,2.705932249322494
Dummy Mean,2020,Iceland,ISL,82.175,63.493067750677504,18.681932249322493,18.681932249322493
Dummy Mean,2020,Italy,ITA,54.618,63.493067750677504,-8.875067750677502,8.875067750677502
Dummy Mean,2020,Lithuania,LTU,77.184,63.493067750677504,13.690932249322493,13.690932249322493
Dummy Mean,2020,Luxembourg,LUX,68.648,63.493067750677504,5.154932249322492,5.154932249322492
Dummy Mean,2020,Latvia,LVA,75.628,63.493067750677504,12.134932249322496,12.134932249322496
Dummy Mean,2020,Moldova,MDA,70.793,63.493067750677504,7.299932249322502,7.299932249322502
Dummy Mean,2020,North Macedonia,MKD,53.005,63.493067750677504,-10.488067750677502,10.488067750677502
Dummy Mean,2020,Malta,MLT,66.046,63.493067750677504,2.5529322493225024,2.5529322493225024
Dummy Mean,2020,Montenegro,MNE,54.423,63.493067750677504,-9.070067750677502,9.070067750677502
Dummy Mean,2020,Netherlands,NLD,79.835,63.493067750677504,16.34193224932249,16.34193224932249
Dummy Mean,2020,Norway,NOR,77.784,63.493067750677504,14.290932249322502,14.290932249322502
Dummy Mean,2020,Poland,POL,64.321,63.493067750677504,0.8279322493224939,0.8279322493224939
Dummy Mean,2020,Portugal,PRT,71.614,63.493067750677504,8.1209322493225,8.1209322493225
Dummy Mean,2020,Romania,ROU,54.281,63.493067750677504,-9.212067750677505,9.212067750677505
Dummy Mean,2020,Russian Federation,RUS,69.29,63.493067750677504,5.796932249322502,5.796932249322502
Dummy Mean,2020,Serbia,SRB,60.625,63.493067750677504,-2.868067750677504,2.868067750677504
Dummy Mean,2020,Slovak Republic,SVK,66.442,63.493067750677504,2.948932249322489,2.948932249322489
Dummy Mean,2020,Slovenia,SVN,71.928,63.493067750677504,8.434932249322493,8.434932249322493
Dummy Mean,2020,Sweden,SWE,80.302,63.493067750677504,16.808932249322503,16.808932249322503
Dummy Mean,2020,Turkiye,TUR,34.745,63.493067750677504,-28.748067750677507,28.748067750677507
Dummy Mean,2020,Ukraine,UKR,61.911,63.493067750677504,-1.5820677506775027,1.5820677506775027
Dummy Mean,2021,Albania,ALB,61.652,63.493067750677504,-1.841067750677503,1.841067750677503
Dummy Mean,2021,Austria,AUT,72.797,63.493067750677504,9.303932249322493,9.303932249322493
Dummy Mean,2021,Belgium,BEL,65.642,63.493067750677504,2.148932249322492,2.148932249322492
Dummy Mean,2021,Bulgaria,BGR,67.785,63.493067750677504,4.2919322493224925,4.2919322493224925
Dummy Mean,2021,Bosnia and Herzegovina,BIH,48.81,63.493067750677504,-14.683067750677502,14.683067750677502
Dummy Mean,2021,Belarus,BLR,75.717,63.493067750677504,12.223932249322495,12.223932249322495
Dummy Mean,2021,Switzerland,CHE,80.146,63.493067750677504,16.652932249322497,16.652932249322497
Dummy Mean,2021,Cyprus,CYP,71.554,63.493067750677504,8.060932249322498,8.060932249322498
Dummy Mean,2021,Czechia,CZE,69.496,63.493067750677504,6.002932249322491,6.002932249322491
Dummy Mean,2021,Germany,DEU,74.502,63.493067750677504,11.008932249322491,11.008932249322491
Dummy Mean,2021,Denmark,DNK,76.45,63.493067750677504,12.956932249322499,12.956932249322499
Dummy Mean,2021,Spain,ESP,69.138,63.493067750677504,5.644932249322501,5.644932249322501
Dummy Mean,2021,Estonia,EST,76.712,63.493067750677504,13.2189322493225,13.2189322493225
Dummy Mean,2021,Finland,FIN,77.245,63.493067750677504,13.7519322493225,13.7519322493225
Dummy Mean,2021,France,FRA,70.004,63.493067750677504,6.510932249322501,6.510932249322501
Dummy Mean,2021,United Kingdom,GBR,73.844,63.493067750677504,10.35093224932249,10.35093224932249
Dummy Mean,2021,Greece,GRC,59.632,63.493067750677504,-3.861067750677506,3.861067750677506
Dummy Mean,2021,Croatia,HRV,64.144,63.493067750677504,0.6509322493225014,0.6509322493225014
Dummy Mean,2021,Hungary,HUN,71.027,63.493067750677504,7.533932249322497,7.533932249322497
Dummy Mean,2021,Ireland,IRL,69.803,63.493067750677504,6.309932249322493,6.309932249322493
Dummy Mean,2021,Iceland,ISL,82.093,63.493067750677504,18.5999322493225,18.5999322493225
Dummy Mean,2021,Italy,ITA,55.356,63.493067750677504,-8.137067750677502,8.137067750677502
Dummy Mean,2021,Lithuania,LTU,77.207,63.493067750677504,13.71393224932249,13.71393224932249
Dummy Mean,2021,Luxembourg,LUX,69.647,63.493067750677504,6.1539322493225015,6.1539322493225015
Dummy Mean,2021,Latvia,LVA,72.958,63.493067750677504,9.464932249322494,9.464932249322494
Dummy Mean,2021,Moldova,MDA,73.218,63.493067750677504,9.7249322493225,9.7249322493225
Dummy Mean,2021,North Macedonia,MKD,52.288,63.493067750677504,-11.205067750677507,11.205067750677507
Dummy Mean,2021,Malta,MLT,67.679,63.493067750677504,4.185932249322498,4.185932249322498
Dummy Mean,2021,Montenegro,MNE,52.787,63.493067750677504,-10.706067750677505,10.706067750677505
Dummy Mean,2021,Netherlands,NLD,80.204,63.493067750677504,16.71093224932249,16.71093224932249
Dummy Mean,2021,Norway,NOR,77.628,63.493067750677504,14.134932249322496,14.134932249322496
Dummy Mean,2021,Poland,POL,66.711,63.493067750677504,3.2179322493224944,3.2179322493224944
Dummy Mean,2021,Portugal,PRT,72.328,63.493067750677504,8.834932249322499,8.834932249322499
Dummy Mean,2021,Romania,ROU,55.164,63.493067750677504,-8.329067750677503,8.329067750677503
Dummy Mean,2021,Russian Federation,RUS,70.346,63.493067750677504,6.8529322493225,6.8529322493225
Dummy Mean,2021,Serbia,SRB,64.198,63.493067750677504,0.7049322493224892,0.7049322493224892
Dummy Mean,2021,Slovak Republic,SVK,70.547,63.493067750677504,7.053932249322493,7.053932249322493
Dummy Mean,2021,Slovenia,SVN,72.494,63.493067750677504,9.000932249322496,9.000932249322496
Dummy Mean,2021,Sweden,SWE,80.51,63.493067750677504,17.0169322493225,17.0169322493225
Dummy Mean,2021,Turkiye,TUR,37.038,63.493067750677504,-26.455067750677507,26.455067750677507
Dummy Mean,2021,Ukraine,UKR,61.748,63.493067750677504,-1.7450677506775065,1.7450677506775065
Dummy Mean,2022,Albania,ALB,67.298,63.493067750677504,3.8049322493224977,3.8049322493224977
Dummy Mean,2022,Austria,AUT,73.535,63.493067750677504,10.041932249322493,10.041932249322493
Dummy Mean,2022,Belgium,BEL,66.753,63.493067750677504,3.259932249322496,3.259932249322496
Dummy Mean,2022,Bulgaria,BGR,70.032,63.493067750677504,6.538932249322492,6.538932249322492
Dummy Mean,2022,Bosnia and Herzegovina,BIH,50.706,63.493067750677504,-12.787067750677501,12.787067750677501
Dummy Mean,2022,Belarus,BLR,76.072,63.493067750677504,12.578932249322499,12.578932249322499
Dummy Mean,2022,Switzerland,CHE,79.733,63.493067750677504,16.2399322493225,16.2399322493225
Dummy Mean,2022,Cyprus,CYP,73.577,63.493067750677504,10.083932249322494,10.083932249322494
Dummy Mean,2022,Czechia,CZE,70.111,63.493067750677504,6.6179322493225,6.6179322493225
Dummy Mean,2022,Germany,DEU,75.311,63.493067750677504,11.817932249322503,11.817932249322503
Dummy Mean,2022,Denmark,DNK,78.018,63.493067750677504,14.524932249322497,14.524932249322497
Dummy Mean,2022,Spain,ESP,69.524,63.493067750677504,6.030932249322497,6.030932249322497
Dummy Mean,2022,Estonia,EST,79.503,63.493067750677504,16.009932249322496,16.009932249322496
Dummy Mean,2022,Finland,FIN,78.93,63.493067750677504,15.436932249322503,15.436932249322503
Dummy Mean,2022,France,FRA,70.609,63.493067750677504,7.115932249322491,7.115932249322491
Dummy Mean,2022,United Kingdom,GBR,73.498,63.493067750677504,10.0049322493225,10.0049322493225
Dummy Mean,2022,Greece,GRC,61.55,63.493067750677504,-1.943067750677507,1.943067750677507
Dummy Mean,2022,Croatia,HRV,65.891,63.493067750677504,2.3979322493225013,2.3979322493225013
Dummy Mean,2022,Hungary,HUN,72.304,63.493067750677504,8.810932249322498,8.810932249322498
Dummy Mean,2022,Ireland,IRL,71.698,63.493067750677504,8.20493224932249,8.20493224932249
Dummy Mean,2022,Iceland,ISL,84.045,63.493067750677504,20.551932249322498,20.551932249322498
Dummy Mean,2022,Italy,ITA,56.419,63.493067750677504,-7.074067750677507,7.074067750677507
Dummy Mean,2022,Lithuania,LTU,77.482,63.493067750677504,13.988932249322495,13.988932249322495
Dummy Mean,2022,Luxembourg,LUX,70.035,63.493067750677504,6.5419322493224925,6.5419322493224925
Dummy Mean,2022,Latvia,LVA,74.436,63.493067750677504,10.942932249322503,10.942932249322503
Dummy Mean,2022,Moldova,MDA,73.822,63.493067750677504,10.328932249322499,10.328932249322499
Dummy Mean,2022,North Macedonia,MKD,54.175,63.493067750677504,-9.318067750677507,9.318067750677507
Dummy Mean,2022,Malta,MLT,71.819,63.493067750677504,8.325932249322499,8.325932249322499
Dummy Mean,2022,Montenegro,MNE,61.514,63.493067750677504,-1.9790677506775012,1.9790677506775012
Dummy Mean,2022,Netherlands,NLD,81.134,63.493067750677504,17.640932249322496,17.640932249322496
Dummy Mean,2022,Norway,NOR,77.781,63.493067750677504,14.287932249322502,14.287932249322502
Dummy Mean,2022,Poland,POL,68.076,63.493067750677504,4.582932249322489,4.582932249322489
Dummy Mean,2022,Portugal,PRT,73.882,63.493067750677504,10.388932249322501,10.388932249322501
Dummy Mean,2022,Romania,ROU,56.909,63.493067750677504,-6.584067750677505,6.584067750677505
Dummy Mean,2022,Russian Federation,RUS,71.036,63.493067750677504,7.542932249322497,7.542932249322497
Dummy Mean,2022,Serbia,SRB,65.81,63.493067750677504,2.316932249322498,2.316932249322498
Dummy Mean,2022,Slovak Republic,SVK,72.247,63.493067750677504,8.753932249322496,8.753932249322496
Dummy Mean,2022,Slovenia,SVN,73.402,63.493067750677504,9.908932249322497,9.908932249322497
Dummy Mean,2022,Sweden,SWE,81.145,63.493067750677504,17.651932249322492,17.651932249322492
Dummy Mean,2022,Turkiye,TUR,39.734,63.493067750677504,-23.759067750677502,23.759067750677502
Dummy Mean,2023,Albania,ALB,70.046,63.493067750677504,6.552932249322502,6.552932249322502
Dummy Mean,2023,Austria,AUT,73.97,63.493067750677504,10.476932249322495,10.476932249322495
Dummy Mean,2023,Belgium,BEL,66.685,63.493067750677504,3.191932249322498,3.191932249322498
Dummy Mean,2023,Bulgaria,BGR,70.473,63.493067750677504,6.979932249322495,6.979932249322495
Dummy Mean,2023,Bosnia and Herzegovina,BIH,52.057,63.493067750677504,-11.436067750677502,11.436067750677502
Dummy Mean,2023,Belarus,BLR,76.065,63.493067750677504,12.571932249322494,12.571932249322494
Dummy Mean,2023,Switzerland,CHE,80.35,63.493067750677504,16.85693224932249,16.85693224932249
Dummy Mean,2023,Cyprus,CYP,75.172,63.493067750677504,11.678932249322493,11.678932249322493
Dummy Mean,2023,Czechia,CZE,71.231,63.493067750677504,7.7379322493224905,7.7379322493224905
Dummy Mean,2023,Germany,DEU,75.898,63.493067750677504,12.404932249322492,12.404932249322492
Dummy Mean,2023,Denmark,DNK,78.403,63.493067750677504,14.909932249322502,14.909932249322502
Dummy Mean,2023,Spain,ESP,70.439,63.493067750677504,6.945932249322489,6.945932249322489
Dummy Mean,2023,Estonia,EST,80.904,63.493067750677504,17.410932249322492,17.410932249322492
Dummy Mean,2023,Finland,FIN,79.251,63.493067750677504,15.7579322493225,15.7579322493225
Dummy Mean,2023,France,FRA,71.148,63.493067750677504,7.654932249322492,7.654932249322492
Dummy Mean,2023,United Kingdom,GBR,73.435,63.493067750677504,9.941932249322498,9.941932249322498
Dummy Mean,2023,Greece,GRC,61.905,63.493067750677504,-1.588067750677503,1.588067750677503
Dummy Mean,2023,Croatia,HRV,66.351,63.493067750677504,2.857932249322495,2.857932249322495
Dummy Mean,2023,Hungary,HUN,73.612,63.493067750677504,10.11893224932249,10.11893224932249
Dummy Mean,2023,Ireland,IRL,73.009,63.493067750677504,9.515932249322496,9.515932249322496
Dummy Mean,2023,Iceland,ISL,83.857,63.493067750677504,20.363932249322495,20.363932249322495
Dummy Mean,2023,Italy,ITA,57.609,63.493067750677504,-5.884067750677502,5.884067750677502
Dummy Mean,2023,Lithuania,LTU,77.068,63.493067750677504,13.574932249322494,13.574932249322494
Dummy Mean,2023,Luxembourg,LUX,70.49,63.493067750677504,6.996932249322491,6.996932249322491
Dummy Mean,2023,Latvia,LVA,74.372,63.493067750677504,10.878932249322496,10.878932249322496
Dummy Mean,2023,Moldova,MDA,72.727,63.493067750677504,9.2339322493225,9.2339322493225
Dummy Mean,2023,North Macedonia,MKD,54.488,63.493067750677504,-9.005067750677505,9.005067750677505
Dummy Mean,2023,Malta,MLT,72.35,63.493067750677504,8.85693224932249,8.85693224932249
Dummy Mean,2023,Montenegro,MNE,65.528,63.493067750677504,2.0349322493225017,2.0349322493225017
Dummy Mean,2023,Netherlands,NLD,81.944,63.493067750677504,18.4509322493225,18.4509322493225
Dummy Mean,2023,Norway,NOR,78.067,63.493067750677504,14.573932249322489,14.573932249322489
Dummy Mean,2023,Poland,POL,69.439,63.493067750677504,5.945932249322489,5.945932249322489
Dummy Mean,2023,Portugal,PRT,75.315,63.493067750677504,11.821932249322494,11.821932249322494
Dummy Mean,2023,Romania,ROU,57.11,63.493067750677504,-6.383067750677505,6.383067750677505
Dummy Mean,2023,Russian Federation,RUS,71.705,63.493067750677504,8.211932249322494,8.211932249322494
Dummy Mean,2023,Serbia,SRB,67.276,63.493067750677504,3.782932249322492,3.782932249322492
Dummy Mean,2023,Slovak Republic,SVK,72.702,63.493067750677504,9.208932249322494,9.208932249322494
Dummy Mean,2023,Slovenia,SVN,72.49,63.493067750677504,8.99693224932249,8.99693224932249
Dummy Mean,2023,Sweden,SWE,82.187,63.493067750677504,18.693932249322494,18.693932249322494
Dummy Mean,2023,Turkiye,TUR,40.694,63.493067750677504,-22.7990677506775,22.7990677506775
Linear Regression,2019,Albania,ALB,61.902,58.53474506133309,3.3672549386669104,3.3672549386669104
Linear Regression,2019,Austria,AUT,72.485,77.21492404769462,-4.729924047694624,4.729924047694624
Linear Regression,2019,Belgium,BEL,64.907,76.40649153884225,-11.49949153884225,11.49949153884225
Linear Regression,2019,Bulgaria,BGR,69.01,69.66054441041189,-0.6505444104118823,0.6505444104118823
Linear Regression,2019,Bosnia and Herzegovina,BIH,49.239,57.5806191832853,-8.341619183285303,8.341619183285303
Linear Regression,2019,Belarus,BLR,75.141,78.86581075221504,-3.724810752215035,3.724810752215035
Linear Regression,2019,Switzerland,CHE,80.225,73.74852612602831,6.476473873971685,6.476473873971685
Linear Regression,2019,Cyprus,CYP,71.806,71.38027869434801,0.4257213056519902,0.4257213056519902
Linear Regression,2019,Czechia,CZE,69.6,67.03193133227593,2.568068667724063,2.568068667724063
Linear Regression,2019,Germany,DEU,74.844,72.26871735376912,2.5752826462308747,2.5752826462308747
Linear Regression,2019,Denmark,DNK,76.059,76.19696345817444,-0.13796345817443978,0.13796345817443978
Linear Regression,2019,Spain,ESP,68.728,73.21950926480963,-4.491509264809636,4.491509264809636
Linear Regression,2019,Estonia,EST,75.479,75.67224919226359,-0.19324919226359327,0.19324919226359327
Linear Regression,2019,Finland,FIN,76.474,83.87573983161279,-7.401739831612787,7.401739831612787
Linear Regression,2019,France,FRA,68.195,72.54405010707173,-4.349050107071733,4.349050107071733
Linear Regression,2019,United Kingdom,GBR,73.52,75.31365249471848,-1.7936524947184864,1.7936524947184864
Linear Regression,2019,Greece,GRC,59.523,61.78896420022313,-2.2659642002231237,2.2659642002231237
Linear Regression,2019,Croatia,HRV,61.551,70.6404485722433,-9.089448572243299,9.089448572243299
Linear Regression,2019,Hungary,HUN,69.222,63.982442688959225,5.23955731104077,5.23955731104077
Linear Regression,2019,Ireland,IRL,67.408,69.6546552805919,-2.246655280591895,2.246655280591895
Linear Regression,2019,Iceland,ISL,84.479,76.06848801880972,8.410511981190282,8.410511981190282
Linear Regression,2019,Italy,ITA,56.474,67.65128898516744,-11.177288985167444,11.177288985167444
Linear Regression,2019,Lithuania,LTU,76.903,70.13454516766355,6.7684548323364595,6.7684548323364595
Linear Regression,2019,Luxembourg,LUX,67.44,60.76120710636753,6.678792893632469,6.678792893632469
Linear Regression,2019,Latvia,LVA,75.117,77.294517059517,-2.177517059517001,2.177517059517001
Linear Regression,2019,Moldova,MDA,71.158,62.452752144674236,8.705247855325766,8.705247855325766
Linear Regression,2019,North Macedonia,MKD,53.783,65.02941566555712,-11.246415665557123,11.246415665557123
Linear Regression,2019,Malta,MLT,63.806,63.98908671310149,-0.1830867131014955,0.1830867131014955
Linear Regression,2019,Montenegro,MNE,58.844,66.14404236704463,-7.300042367044632,7.300042367044632
Linear Regression,2019,Netherlands,NLD,79.472,70.92411322137669,8.547886778623308,8.547886778623308
Linear Regression,2019,Norway,NOR,77.547,78.9641442825264,-1.417144282526408,1.417144282526408
Linear Regression,2019,Poland,POL,64.207,73.2623517707211,-9.055351770721103,9.055351770721103
Linear Regression,2019,Portugal,PRT,72.804,75.44535729127611,-2.6413572912761083,2.6413572912761083
Linear Regression,2019,Romania,ROU,53.648,65.48551393421094,-11.83751393421094,11.83751393421094
Linear Regression,2019,Russian Federation,RUS,68.955,67.4590483349239,1.4959516650760918,1.4959516650760918
Linear Regression,2019,Serbia,SRB,61.166,68.60856933643281,-7.442569336432811,7.442569336432811
Linear Regression,2019,Slovak Republic,SVK,66.42,68.74367694214071,-2.3236769421407075,2.3236769421407075
Linear Regression,2019,Slovenia,SVN,72.119,74.05886046904898,-1.9398604690489805,1.9398604690489805
Linear Regression,2019,Sweden,SWE,81.157,79.52167749707998,1.635322502920019,1.635322502920019
Linear Regression,2019,Turkiye,TUR,38.369,51.79792581793476,-13.428925817934761,13.428925817934761
Linear Regression,2019,Ukraine,UKR,62.889,69.6254194980294,-6.736419498029399,6.736419498029399
Linear Regression,2020,Albania,ALB,61.474,58.62079560063257,2.853204399367428,2.853204399367428
Linear Regression,2020,Austria,AUT,72.424,77.7937519974127,-5.369751997412692,5.369751997412692
Linear Regression,2020,Belgium,BEL,64.484,76.68963782501125,-12.205637825011252,12.205637825011252
Linear Regression,2020,Bulgaria,BGR,67.883,69.57848813449095,-1.695488134490958,1.695488134490958
Linear Regression,2020,Bosnia and Herzegovina,BIH,48.233,60.70259016638535,-12.469590166385352,12.469590166385352
Linear Regression,2020,Belarus,BLR,75.108,78.91649047640892,-3.8084904764089202,3.8084904764089202
Linear Regression,2020,Switzerland,CHE,80.032,74.04889826787301,5.983101732126983,5.983101732126983
Linear Regression,2020,Cyprus,CYP,70.645,73.52984116804154,-2.8848411680415467,2.8848411680415467
Linear Regression,2020,Czechia,CZE,68.982,67.16810652984907,1.81389347015093,1.81389347015093
Linear Regression,2020,Germany,DEU,74.325,72.53499001592178,1.7900099840782246,1.7900099840782246
Linear Regression,2020,Denmark,DNK,76.049,76.29800852140045,-0.24900852140044094,0.24900852140044094
Linear Regression,2020,Spain,ESP,67.353,73.69555734312516,-6.342557343125165,6.342557343125165
Linear Regression,2020,Estonia,EST,75.784,74.97312670773756,0.8108732922624426,0.8108732922624426
Linear Regression,2020,Finland,FIN,76.429,83.13132855157448,-6.702328551574482,6.702328551574482
Linear Regression,2020,France,FRA,67.685,73.81213511349671,-6.127135113496706,6.127135113496706
Linear Regression,2020,United Kingdom,GBR,73.987,77.33466687401591,-3.347666874015914,3.347666874015914
Linear Regression,2020,Greece,GRC,58.589,64.53057771572122,-5.941577715721223,5.941577715721223
Linear Regression,2020,Croatia,HRV,61.798,75.27895827317326,-13.480958273173258,13.480958273173258
Linear Regression,2020,Hungary,HUN,69.631,64.1710443160359,5.459955683964097,5.459955683964097
Linear Regression,2020,Ireland,IRL,66.199,69.4374637513751,-3.2384637513751073,3.2384637513751073
Linear Regression,2020,Iceland,ISL,82.175,75.75675379908805,6.418246200911952,6.418246200911952
Linear Regression,2020,Italy,ITA,54.618,70.02512943390026,-15.40712943390026,15.40712943390026
Linear Regression,2020,Lithuania,LTU,77.184,71.52705060145811,5.656949398541883,5.656949398541883
Linear Regression,2020,Luxembourg,LUX,68.648,61.65488578039181,6.993114219608188,6.993114219608188
Linear Regression,2020,Latvia,LVA,75.628,77.42078021249469,-1.7927802124946908,1.7927802124946908
Linear Regression,2020,Moldova,MDA,70.793,63.5613272156518,7.231672784348206,7.231672784348206
Linear Regression,2020,North Macedonia,MKD,53.005,68.10684733453243,-15.10184733453243,15.10184733453243
Linear Regression,2020,Malta,MLT,66.046,64.55839282130175,1.487607178698255,1.487607178698255
Linear Regression,2020,Montenegro,MNE,54.423,64.68106689482859,-10.258066894828588,10.258066894828588
Linear Regression,2020,Netherlands,NLD,79.835,73.1611200560869,6.673879943913093,6.673879943913093
Linear Regression,2020,Norway,NOR,77.784,78.91636192559682,-1.1323619255968111,1.1323619255968111
Linear Regression,2020,Poland,POL,64.321,74.21358247357486,-9.892582473574862,9.892582473574862
Linear Regression,2020,Portugal,PRT,71.614,77.04982209644346,-5.435822096443459,5.435822096443459
Linear Regression,2020,Romania,ROU,54.281,65.96050367060455,-11.679503670604554,11.679503670604554
Linear Regression,2020,Russian Federation,RUS,69.29,64.92776184565346,4.362238154346542,4.362238154346542
Linear Regression,2020,Serbia,SRB,60.625,70.87309256364246,-10.248092563642459,10.248092563642459
Linear Regression,2020,Slovak Republic,SVK,66.442,69.93449486232807,-3.4924948623280727,3.4924948623280727
Linear Regression,2020,Slovenia,SVN,71.928,74.48792666173352,-2.5599266617335275,2.5599266617335275
Linear Regression,2020,Sweden,SWE,80.302,79.3986835687976,0.9033164312024127,0.9033164312024127
Linear Regression,2020,Turkiye,TUR,34.745,54.14837001436172,-19.40337001436172,19.40337001436172
Linear Regression,2020,Ukraine,UKR,61.911,69.36223044983682,-7.451230449836814,7.451230449836814
Linear Regression,2021,Albania,ALB,61.652,61.54331966806423,0.10868033193577276,0.10868033193577276
Linear Regression,2021,Austria,AUT,72.797,76.93145729355497,-4.1344572935549735,4.1344572935549735
Linear Regression,2021,Belgium,BEL,65.642,76.32496211254646,-10.682962112546463,10.682962112546463
Linear Regression,2021,Bulgaria,BGR,67.785,68.20558323099706,-0.4205832309970674,0.4205832309970674
Linear Regression,2021,Bosnia and Herzegovina,BIH,48.81,59.06677487728416,-10.256774877284158,10.256774877284158
Linear Regression,2021,Belarus,BLR,75.717,78.71632722828154,-2.999327228281544,2.999327228281544
Linear Regression,2021,Switzerland,CHE,80.146,73.32369257086194,6.822307429138064,6.822307429138064
Linear Regression,2021,Cyprus,CYP,71.554,71.50779211988043,0.046207880119567335,0.046207880119567335
Linear Regression,2021,Czechia,CZE,69.496,67.63319547556537,1.8628045244346225,1.8628045244346225
Linear Regression,2021,Germany,DEU,74.502,73.85132470284621,0.6506752971537821,0.6506752971537821
Linear Regression,2021,Denmark,DNK,76.45,76.46272266327868,-0.012722663278680102,0.012722663278680102
Linear Regression,2021,Spain,ESP,69.138,73.53421905390182,-4.396219053901817,4.396219053901817
Linear Regression,2021,Estonia,EST,76.712,74.02953713252711,2.6824628674728928,2.6824628674728928
Linear Regression,2021,Finland,FIN,77.245,82.89143464297601,-5.646434642976004,5.646434642976004
Linear Regression,2021,France,FRA,70.004,73.63472945569382,-3.6307294556938103,3.6307294556938103
Linear Regression,2021,United Kingdom,GBR,73.844,77.00442208229083,-3.160422082290836,3.160422082290836
Linear Regression,2021,Greece,GRC,59.632,64.10007995758247,-4.468079957582468,4.468079957582468
Linear Regression,2021,Croatia,HRV,64.144,73.07441515972832,-8.930415159728312,8.930415159728312
Linear Regression,2021,Hungary,HUN,71.027,64.37904140709098,6.647958592909021,6.647958592909021
Linear Regression,2021,Ireland,IRL,69.803,67.70991278693018,2.093087213069822,2.093087213069822
Linear Regression,2021,Iceland,ISL,82.093,78.69477335657409,3.3982266434259145,3.3982266434259145
Linear Regression,2021,Italy,ITA,55.356,69.45895128552478,-14.102951285524775,14.102951285524775
Linear Regression,2021,Lithuania,LTU,77.207,72.55931118853569,4.647688811464306,4.647688811464306
Linear Regression,2021,Luxembourg,LUX,69.647,62.79736756826119,6.849632431738819,6.849632431738819
Linear Regression,2021,Latvia,LVA,72.958,76.79409876897135,-3.836098768971354,3.836098768971354
Linear Regression,2021,Moldova,MDA,73.218,68.61512039858502,4.602879601414983,4.602879601414983
Linear Regression,2021,North Macedonia,MKD,52.288,68.66387308765029,-16.37587308765029,16.37587308765029
Linear Regression,2021,Malta,MLT,67.679,65.45646767176346,2.2225323282365395,2.2225323282365395
Linear Regression,2021,Montenegro,MNE,52.787,67.42809592175273,-14.64109592175273,14.64109592175273
Linear Regression,2021,Netherlands,NLD,80.204,74.39551437128631,5.808485628713683,5.808485628713683
Linear Regression,2021,Norway,NOR,77.628,80.52119557191615,-2.893195571916152,2.893195571916152
Linear Regression,2021,Poland,POL,66.711,74.40363147906858,-7.692631479068581,7.692631479068581
Linear Regression,2021,Portugal,PRT,72.328,77.7427534584758,-5.414753458475801,5.414753458475801
Linear Regression,2021,Romania,ROU,55.164,65.00298859692228,-9.838988596922277,9.838988596922277
Linear Regression,2021,Russian Federation,RUS,70.346,65.24745958814319,5.098540411856817,5.098540411856817
Linear Regression,2021,Serbia,SRB,64.198,69.26738001879218,-5.069380018792188,5.069380018792188
Linear Regression,2021,Slovak Republic,SVK,70.547,69.1858243277394,1.3611756722606003,1.3611756722606003
Linear Regression,2021,Slovenia,SVN,72.494,74.16421833679692,-1.6702183367969212,1.6702183367969212
Linear Regression,2021,Sweden,SWE,80.51,78.90500487571443,1.6049951242855798,1.6049951242855798
Linear Regression,2021,Turkiye,TUR,37.038,54.905401068062204,-17.867401068062208,17.867401068062208
Linear Regression,2021,Ukraine,UKR,61.748,68.56999627342587,-6.821996273425874,6.821996273425874
Linear Regression,2022,Albania,ALB,67.298,61.52084662817067,5.777153371829328,5.777153371829328
Linear Regression,2022,Austria,AUT,73.535,78.58739193413756,-5.05239193413756,5.05239193413756
Linear Regression,2022,Belgium,BEL,66.753,77.28891791741182,-10.535917917411822,10.535917917411822
Linear Regression,2022,Bulgaria,BGR,70.032,69.40434839806909,0.6276516019309071,0.6276516019309071
Linear Regression,2022,Bosnia and Herzegovina,BIH,50.706,57.74490330381836,-7.038903303818358,7.038903303818358
Linear Regression,2022,Belarus,BLR,76.072,79.07485486500717,-3.0028548650071656,3.0028548650071656
Linear Regression,2022,Switzerland,CHE,79.733,74.36509710286177,5.3679028971382365,5.3679028971382365
Linear Regression,2022,Cyprus,CYP,73.577,71.57107350490341,2.0059264950965883,2.0059264950965883
Linear Regression,2022,Czechia,CZE,70.111,69.85938498072325,0.25161501927675545,0.25161501927675545
Linear Regression,2022,Germany,DEU,75.311,75.054450621323,0.25654937867700767,0.25654937867700767
Linear Regression,2022,Denmark,DNK,78.018,79.31342062051515,-1.295420620515145,1.295420620515145
Linear Regression,2022,Spain,ESP,69.524,74.40329734432962,-4.879297344329615,4.879297344329615
Linear Regression,2022,Estonia,EST,79.503,75.99002543846426,3.512974561535742,3.512974561535742
Linear Regression,2022,Finland,FIN,78.93,84.42116767088496,-5.491167670884948,5.491167670884948
Linear Regression,2022,France,FRA,70.609,73.32551162543943,-2.7165116254394377,2.7165116254394377
Linear Regression,2022,United Kingdom,GBR,73.498,77.84926647289471,-4.351266472894707,4.351266472894707
Linear Regression,2022,Greece,GRC,61.55,67.62585088022188,-6.0758508802218785,6.0758508802218785
Linear Regression,2022,Croatia,HRV,65.891,74.28054009699481,-8.389540096994807,8.389540096994807
Linear Regression,2022,Hungary,HUN,72.304,65.50605928141768,6.797940718582325,6.797940718582325
Linear Regression,2022,Ireland,IRL,71.698,69.87516881797802,1.8228311820219716,1.8228311820219716
Linear Regression,2022,Iceland,ISL,84.045,80.813278572887,3.2317214271130013,3.2317214271130013
Linear Regression,2022,Italy,ITA,56.419,69.93100176465605,-13.512001764656048,13.512001764656048
Linear Regression,2022,Lithuania,LTU,77.482,74.2775451246632,3.2044548753367934,3.2044548753367934
Linear Regression,2022,Luxembourg,LUX,70.035,63.73645801374892,6.298541986251074,6.298541986251074
Linear Regression,2022,Latvia,LVA,74.436,78.06953799429593,-3.6335379942959207,3.6335379942959207
Linear Regression,2022,Moldova,MDA,73.822,70.93338143185838,2.8886185681416237,2.8886185681416237
Linear Regression,2022,North Macedonia,MKD,54.175,71.55721687913015,-17.382216879130155,17.382216879130155
Linear Regression,2022,Malta,MLT,71.819,71.94055666168573,-0.1215566616857302,0.1215566616857302
Linear Regression,2022,Montenegro,MNE,61.514,70.18865425890499,-8.674654258904987,8.674654258904987
Linear Regression,2022,Netherlands,NLD,81.134,73.3963602233451,7.737639776654902,7.737639776654902
Linear Regression,2022,Norway,NOR,77.781,82.02381039938007,-4.242810399380062,4.242810399380062
Linear Regression,2022,Poland,POL,68.076,75.41179777493826,-7.335797774938271,7.335797774938271
Linear Regression,2022,Portugal,PRT,73.882,76.1597699043895,-2.277769904389501,2.277769904389501
Linear Regression,2022,Romania,ROU,56.909,66.30071664230718,-9.39171664230718,9.39171664230718
Linear Regression,2022,Russian Federation,RUS,71.036,66.70510361514967,4.330896384850334,4.330896384850334
Linear Regression,2022,Serbia,SRB,65.81,69.00875588033377,-3.1987558803337635,3.1987558803337635
Linear Regression,2022,Slovak Republic,SVK,72.247,70.42891262913717,1.818087370862827,1.818087370862827
Linear Regression,2022,Slovenia,SVN,73.402,79.96751452513713,-6.565514525137132,6.565514525137132
Linear Regression,2022,Sweden,SWE,81.145,80.13853471761485,1.0064652823851503,1.0064652823851503
Linear Regression,2022,Turkiye,TUR,39.734,57.6686024088181,-17.9346024088181,17.9346024088181
Linear Regression,2023,Albania,ALB,70.046,62.852710224214434,7.193289775785573,7.193289775785573
Linear Regression,2023,Austria,AUT,73.97,79.20466804206228,-5.234668042062282,5.234668042062282
Linear Regression,2023,Belgium,BEL,66.685,77.40914967132096,-10.724149671320959,10.724149671320959
Linear Regression,2023,Bulgaria,BGR,70.473,68.7854426002188,1.6875573997811983,1.6875573997811983
Linear Regression,2023,Bosnia and Herzegovina,BIH,52.057,60.72962872588498,-8.672628725884977,8.672628725884977
Linear Regression,2023,Belarus,BLR,76.065,78.74903346969354,-2.6840334696935457,2.6840334696935457
Linear Regression,2023,Switzerland,CHE,80.35,73.896761773398,6.4532382266019965,6.4532382266019965
Linear Regression,2023,Cyprus,CYP,75.172,72.90677857061515,2.2652214293848516,2.2652214293848516
Linear Regression,2023,Czechia,CZE,71.231,70.58039802034502,0.6506019796549793,0.6506019796549793
Linear Regression,2023,Germany,DEU,75.898,75.7263269644158,0.17167303558419178,0.17167303558419178
Linear Regression,2023,Denmark,DNK,78.403,78.64271229386918,-0.23971229386917514,0.23971229386917514
Linear Regression,2023,Spain,ESP,70.439,75.6818714120336,-5.242871412033608,5.242871412033608
Linear Regression,2023,Estonia,EST,80.904,77.0010938201855,3.9029061798144937,3.9029061798144937
Linear Regression,2023,Finland,FIN,79.251,85.32725854990701,-6.07625854990701,6.07625854990701
Linear Regression,2023,France,FRA,71.148,73.75158643328147,-2.603586433281478,2.603586433281478
Linear Regression,2023,United Kingdom,GBR,73.435,77.76234727640595,-4.327347276405945,4.327347276405945
Linear Regression,2023,Greece,GRC,61.905,69.5533964806834,-7.648396480683402,7.648396480683402
Linear Regression,2023,Croatia,HRV,66.351,75.76619155212143,-9.415191552121428,9.415191552121428
Linear Regression,2023,Hungary,HUN,73.612,65.28899464957661,8.323005350423387,8.323005350423387
Linear Regression,2023,Ireland,IRL,73.009,69.16799706590979,3.8410029340902128,3.8410029340902128
Linear Regression,2023,Iceland,ISL,83.857,80.10861025390912,3.7483897460908793,3.7483897460908793
Linear Regression,2023,Italy,ITA,57.609,70.77838906518421,-13.169389065184212,13.169389065184212
Linear Regression,2023,Lithuania,LTU,77.068,74.09342819151011,2.974571808489884,2.974571808489884
Linear Regression,2023,Luxembourg,LUX,70.49,64.2898675371701,6.200132462829899,6.200132462829899
Linear Regression,2023,Latvia,LVA,74.372,79.04114452403032,-4.669144524030315,4.669144524030315
Linear Regression,2023,Moldova,MDA,72.727,70.54178756353483,2.1852124364651786,2.1852124364651786
Linear Regression,2023,North Macedonia,MKD,54.488,74.19359408007672,-19.70559408007672,19.70559408007672
Linear Regression,2023,Malta,MLT,72.35,71.45895003757431,0.8910499624256829,0.8910499624256829
Linear Regression,2023,Montenegro,MNE,65.528,66.70430125242264,-1.1763012524226326,1.1763012524226326
Linear Regression,2023,Netherlands,NLD,81.944,75.83329461966207,6.110705380337933,6.110705380337933
Linear Regression,2023,Norway,NOR,78.067,81.9729150727484,-3.9059150727484138,3.9059150727484138
Linear Regression,2023,Poland,POL,69.439,76.91287639364263,-7.473876393642641,7.473876393642641
Linear Regression,2023,Portugal,PRT,75.315,75.89184317234495,-0.576843172344951,0.576843172344951
Linear Regression,2023,Romania,ROU,57.11,66.81558826794392,-9.705588267943924,9.705588267943924
Linear Regression,2023,Russian Federation,RUS,71.705,70.26792866468604,1.4370713353139593,1.4370713353139593
Linear Regression,2023,Serbia,SRB,67.276,68.50362449148174,-1.2276244914817482,1.2276244914817482
Linear Regression,2023,Slovak Republic,SVK,72.702,71.1401085653127,1.561891434687297,1.561891434687297
Linear Regression,2023,Slovenia,SVN,72.49,79.22730705024992,-6.737307050249925,6.737307050249925
Linear Regression,2023,Sweden,SWE,82.187,80.19248521416279,1.994514785837211,1.994514785837211
Linear Regression,2023,Turkiye,TUR,40.694,58.276085216683285,-17.582085216683282,17.582085216683282
Ridge,2019,Albania,ALB,61.902,58.558556832059935,3.343443167940066,3.343443167940066
Ridge,2019,Austria,AUT,72.485,77.13771587359801,-4.652715873598012,4.652715873598012
Ridge,2019,Belgium,BEL,64.907,76.10779158017307,-11.200791580173075,11.200791580173075
Ridge,2019,Bulgaria,BGR,69.01,69.69379265758421,-0.6837926575842062,0.6837926575842062
Ridge,2019,Bosnia and Herzegovina,BIH,49.239,57.593550682485706,-8.354550682485709,8.354550682485709
Ridge,2019,Belarus,BLR,75.141,78.15216539057568,-3.0111653905756697,3.0111653905756697
Ridge,2019,Switzerland,CHE,80.225,73.77784836616226,6.447151633837734,6.447151633837734
Ridge,2019,Cyprus,CYP,71.806,71.02878152400793,0.7772184759920719,0.7772184759920719
Ridge,2019,Czechia,CZE,69.6,67.23147820095832,2.368521799041673,2.368521799041673
Ridge,2019,Germany,DEU,74.844,72.32901188478081,2.5149881152191824,2.5149881152191824
Ridge,2019,Denmark,DNK,76.059,76.11122498660725,-0.05222498660725705,0.05222498660725705
Ridge,2019,Spain,ESP,68.728,73.04654138622172,-4.318541386221725,4.318541386221725
Ridge,2019,Estonia,EST,75.479,75.34598249940105,0.13301750059895312,0.13301750059895312
Ridge,2019,Finland,FIN,76.474,83.24242248371796,-6.768422483717956,6.768422483717956
Ridge,2019,France,FRA,68.195,72.34895217243943,-4.153952172439432,4.153952172439432
Ridge,2019,United Kingdom,GBR,73.52,74.72580176300954,-1.2058017630095463,1.2058017630095463
Ridge,2019,Greece,GRC,59.523,62.12237138374825,-2.599371383748249,2.599371383748249
Ridge,2019,Croatia,HRV,61.551,70.37272017796619,-8.821720177966185,8.821720177966185
Ridge,2019,Hungary,HUN,69.222,64.02714879495713,5.194851205042866,5.194851205042866
Ridge,2019,Ireland,IRL,67.408,69.7060186351334,-2.2980186351334027,2.2980186351334027
Ridge,2019,Iceland,ISL,84.479,75.83977139364472,8.639228606355275,8.639228606355275
Ridge,2019,Italy,ITA,56.474,67.65886122439065,-11.184861224390652,11.184861224390652
Ridge,2019,Lithuania,LTU,76.903,70.02230312063621,6.880696879363796,6.880696879363796
Ridge,2019,Luxembourg,LUX,67.44,61.1626044062396,6.277395593760396,6.277395593760396
Ridge,2019,Latvia,LVA,75.117,76.82291400197141,-1.7059140019714079,1.7059140019714079
Ridge,2019,Moldova,MDA,71.158,62.16743897122726,8.990561028772738,8.990561028772738
Ridge,2019,North Macedonia,MKD,53.783,64.83123808766946,-11.04823808766946,11.04823808766946
Ridge,2019,Malta,MLT,63.806,63.95741911203606,-0.1514191120360593,0.1514191120360593
Ridge,2019,Montenegro,MNE,58.844,65.58848112425524,-6.744481124255238,6.744481124255238
Ridge,2019,Netherlands,NLD,79.472,70.81320880523539,8.658791194764603,8.658791194764603
Ridge,2019,Norway,NOR,77.547,78.86634892226924,-1.319348922269242,1.319348922269242
Ridge,2019,Poland,POL,64.207,72.97728168440935,-8.770281684409355,8.770281684409355
Ridge,2019,Portugal,PRT,72.804,75.01279478203551,-2.208794782035511,2.208794782035511
Ridge,2019,Romania,ROU,53.648,65.64204659682724,-11.99404659682724,11.99404659682724
Ridge,2019,Russian Federation,RUS,68.955,67.25260470211899,1.7023952978810115,1.7023952978810115
Ridge,2019,Serbia,SRB,61.166,68.51502915475764,-7.349029154757645,7.349029154757645
Ridge,2019,Slovak Republic,SVK,66.42,68.49313770513336,-2.0731377051333624,2.0731377051333624
Ridge,2019,Slovenia,SVN,72.119,73.93115377058855,-1.8121537705885515,1.8121537705885515
Ridge,2019,Sweden,SWE,81.157,79.14125843319849,2.015741566801509,2.015741566801509
Ridge,2019,Turkiye,TUR,38.369,52.5275557334551,-14.158555733455103,14.158555733455103
Ridge,2019,Ukraine,UKR,62.889,68.86688182908019,-5.977881829080182,5.977881829080182
Ridge,2020,Albania,ALB,61.474,58.583147221412794,2.8908527785872025,2.8908527785872025
Ridge,2020,Austria,AUT,72.424,77.5998624061021,-5.175862406102098,5.175862406102098
Ridge,2020,Belgium,BEL,64.484,76.28265678941777,-11.798656789417777,11.798656789417777
Ridge,2020,Bulgaria,BGR,67.883,69.58536991661434,-1.7023699166143444,1.7023699166143444
Ridge,2020,Bosnia and Herzegovina,BIH,48.233,60.431953357736525,-12.198953357736528,12.198953357736528
Ridge,2020,Belarus,BLR,75.108,78.16325922518735,-3.055259225187342,3.055259225187342
Ridge,2020,Switzerland,CHE,80.032,74.0281710859837,6.003828914016296,6.003828914016296
Ridge,2020,Cyprus,CYP,70.645,73.07818439456094,-2.4331843945609393,2.4331843945609393
Ridge,2020,Czechia,CZE,68.982,67.2672088283589,1.714791171641096,1.714791171641096
Ridge,2020,Germany,DEU,74.325,72.51733927981306,1.807660720186945,1.807660720186945
Ridge,2020,Denmark,DNK,76.049,76.18387054694766,-0.13487054694765277,0.13487054694765277
Ridge,2020,Spain,ESP,67.353,73.34459828914369,-5.991598289143695,5.991598289143695
Ridge,2020,Estonia,EST,75.784,74.55798010185805,1.2260198981419563,1.2260198981419563
Ridge,2020,Finland,FIN,76.429,82.53658956397709,-6.107589563977086,6.107589563977086
Ridge,2020,France,FRA,67.685,73.42729413713846,-5.742294137138458,5.742294137138458
Ridge,2020,United Kingdom,GBR,73.987,76.51153624906473,-2.524536249064738,2.524536249064738
Ridge,2020,Greece,GRC,58.589,64.61307407096724,-6.024074070967245,6.024074070967245
Ridge,2020,Croatia,HRV,61.798,74.73626501070729,-12.938265010707283,12.938265010707283
Ridge,2020,Hungary,HUN,69.631,64.12704461128052,5.503955388719476,5.503955388719476
Ridge,2020,Ireland,IRL,66.199,69.54701013929348,-3.3480101392934785,3.3480101392934785
Ridge,2020,Iceland,ISL,82.175,75.49319368416289,6.6818063158371075,6.6818063158371075
Ridge,2020,Italy,ITA,54.618,69.82874508384496,-15.210745083844962,15.210745083844962
Ridge,2020,Lithuania,LTU,77.184,71.31321589085174,5.870784109148261,5.870784109148261
Ridge,2020,Luxembourg,LUX,68.648,62.03990678299859,6.608093217001404,6.608093217001404
Ridge,2020,Latvia,LVA,75.628,76.8067525940336,-1.1787525940335968,1.1787525940335968
Ridge,2020,Moldova,MDA,70.793,63.07308234318121,7.719917656818794,7.719917656818794
Ridge,2020,North Macedonia,MKD,53.005,67.63073524153053,-14.625735241530528,14.625735241530528
Ridge,2020,Malta,MLT,66.046,64.43166167569473,1.6143383243052796,1.6143383243052796
Ridge,2020,Montenegro,MNE,54.423,63.892032152968724,-9.469032152968722,9.469032152968722
Ridge,2020,Netherlands,NLD,79.835,73.00155177186532,6.833448228134671,6.833448228134671
Ridge,2020,Norway,NOR,77.784,78.80411261717879,-1.020112617178782,1.020112617178782
Ridge,2020,Poland,POL,64.321,73.79323031483739,-9.47223031483739,9.47223031483739
Ridge,2020,Portugal,PRT,71.614,76.44876196327081,-4.834761963270807,4.834761963270807
Ridge,2020,Romania,ROU,54.281,66.01600461285662,-11.73500461285662,11.73500461285662
Ridge,2020,Russian Federation,RUS,69.29,64.6351802264088,4.6548197735912,4.6548197735912
Ridge,2020,Serbia,SRB,60.625,70.58318472664033,-9.958184726640326,9.958184726640326
Ridge,2020,Slovak Republic,SVK,66.442,69.61327659499867,-3.171276594998673,3.171276594998673
Ridge,2020,Slovenia,SVN,71.928,74.22054051112333,-2.2925405111233346,2.2925405111233346
Ridge,2020,Sweden,SWE,80.302,79.00614149603291,1.2958585039670965,1.2958585039670965
Ridge,2020,Turkiye,TUR,34.745,54.76248042395158,-20.017480423951582,20.017480423951582
Ridge,2020,Ukraine,UKR,61.911,68.52524143104993,-6.614241431049933,6.614241431049933
Ridge,2021,Albania,ALB,61.652,61.51495235657745,0.13704764342254805,0.13704764342254805
Ridge,2021,Austria,AUT,72.797,76.96365697866852,-4.166656978668527,4.166656978668527
Ridge,2021,Belgium,BEL,65.642,76.0918333114359,-10.44983331143591,10.44983331143591
Ridge,2021,Bulgaria,BGR,67.785,68.37413197383023,-0.5891319738302343,0.5891319738302343
Ridge,2021,Bosnia and Herzegovina,BIH,48.81,59.15535522917574,-10.345355229175738,10.345355229175738
Ridge,2021,Belarus,BLR,75.717,78.00620114286284,-2.2892011428628365,2.2892011428628365
Ridge,2021,Switzerland,CHE,80.146,73.46955693293631,6.676443067063687,6.676443067063687
Ridge,2021,Cyprus,CYP,71.554,71.34067581250896,0.21332418749103965,0.21332418749103965
Ridge,2021,Czechia,CZE,69.496,67.86622743247457,1.6297725675254213,1.6297725675254213
Ridge,2021,Germany,DEU,74.502,73.91288690825405,0.5891130917459435,0.5891130917459435
Ridge,2021,Denmark,DNK,76.45,76.45429131777473,-0.004291317774729464,0.004291317774729464
Ridge,2021,Spain,ESP,69.138,73.37977278222712,-4.241772782227116,4.241772782227116
Ridge,2021,Estonia,EST,76.712,73.78717734725817,2.924822652741838,2.924822652741838
Ridge,2021,Finland,FIN,77.245,82.44086490803973,-5.195864908039724,5.195864908039724
Ridge,2021,France,FRA,70.004,73.42733242201331,-3.423332422013303,3.423332422013303
Ridge,2021,United Kingdom,GBR,73.844,76.44260469585619,-2.5986046958561957,2.5986046958561957
Ridge,2021,Greece,GRC,59.632,64.47954779592078,-4.847547795920782,4.847547795920782
Ridge,2021,Croatia,HRV,64.144,72.96581570863896,-8.821815708638951,8.821815708638951
Ridge,2021,Hungary,HUN,71.027,64.46325761103324,6.563742388966759,6.563742388966759
Ridge,2021,Ireland,IRL,69.803,68.13596816565483,1.6670318343451669,1.6670318343451669
Ridge,2021,Iceland,ISL,82.093,78.58442663214488,3.5085733678551208,3.5085733678551208
Ridge,2021,Italy,ITA,55.356,69.49784689471825,-14.141846894718249,14.141846894718249
Ridge,2021,Lithuania,LTU,77.207,72.40022306325258,4.806776936747411,4.806776936747411
Ridge,2021,Luxembourg,LUX,69.647,63.235672305650816,6.41132769434919,6.41132769434919
Ridge,2021,Latvia,LVA,72.958,76.3444422091449,-3.386442209144903,3.386442209144903
Ridge,2021,Moldova,MDA,73.218,68.2623776138829,4.955622386117099,4.955622386117099
Ridge,2021,North Macedonia,MKD,52.288,68.37026801266607,-16.082268012666077,16.082268012666077
Ridge,2021,Malta,MLT,67.679,65.53867200523095,2.140327994769052,2.140327994769052
Ridge,2021,Montenegro,MNE,52.787,66.7432194097565,-13.956219409756507,13.956219409756507
Ridge,2021,Netherlands,NLD,80.204,74.3729346658714,5.831065334128596,5.831065334128596
Ridge,2021,Norway,NOR,77.628,80.49624732480635,-2.8682473248063474,2.8682473248063474
Ridge,2021,Poland,POL,66.711,74.0536292931703,-7.3426292931703045,7.3426292931703045
Ridge,2021,Portugal,PRT,72.328,77.22782112003307,-4.899821120033067,4.899821120033067
Ridge,2021,Romania,ROU,55.164,65.19437449268771,-10.030374492687713,10.030374492687713
Ridge,2021,Russian Federation,RUS,70.346,65.00616381350751,5.339836186492491,5.339836186492491
Ridge,2021,Serbia,SRB,64.198,69.19687807500907,-4.998878075009074,4.998878075009074
Ridge,2021,Slovak Republic,SVK,70.547,69.01746069907476,1.5295393009252365,1.5295393009252365
Ridge,2021,Slovenia,SVN,72.494,74.09269475037388,-1.5986947503738804,1.5986947503738804
Ridge,2021,Sweden,SWE,80.51,78.6928157466222,1.8171842533778033,1.8171842533778033
Ridge,2021,Turkiye,TUR,37.038,55.65538348454944,-18.617383484549443,18.617383484549443
Ridge,2021,Ukraine,UKR,61.748,67.80375949470414,-6.055759494704141,6.055759494704141
Ridge,2022,Albania,ALB,67.298,61.548262751542865,5.749737248457137,5.749737248457137
Ridge,2022,Austria,AUT,73.535,78.56203031512963,-5.027030315129636,5.027030315129636
Ridge,2022,Belgium,BEL,66.753,77.01010956520987,-10.257109565209873,10.257109565209873
Ridge,2022,Bulgaria,BGR,70.032,69.53104018228314,0.5009598177168613,0.5009598177168613
Ridge,2022,Bosnia and Herzegovina,BIH,50.706,57.849568998339116,-7.143568998339113,7.143568998339113
Ridge,2022,Belarus,BLR,76.072,78.26090273678017,-2.1889027367801646,2.1889027367801646
Ridge,2022,Switzerland,CHE,79.733,74.4091506974073,5.323849302592706,5.323849302592706
Ridge,2022,Cyprus,CYP,73.577,71.45394664183735,2.1230533581626503,2.1230533581626503
Ridge,2022,Czechia,CZE,70.111,69.91890255580569,0.1920974441943173,0.1920974441943173
Ridge,2022,Germany,DEU,75.311,74.99818186184075,0.3128181381592583,0.3128181381592583
Ridge,2022,Denmark,DNK,78.018,79.11278963262991,-1.0947896326299116,1.0947896326299116
Ridge,2022,Spain,ESP,69.524,74.2409729922538,-4.716972992253801,4.716972992253801
Ridge,2022,Estonia,EST,79.503,75.49254709265293,4.010452907347073,4.010452907347073
Ridge,2022,Finland,FIN,78.93,83.86093124777392,-4.930931247773913,4.930931247773913
Ridge,2022,France,FRA,70.609,73.11078170511512,-2.501781705115121,2.501781705115121
Ridge,2022,United Kingdom,GBR,73.498,77.27981871708903,-3.781818717089024,3.781818717089024
Ridge,2022,Greece,GRC,61.55,67.88714901960681,-6.337149019606812,6.337149019606812
Ridge,2022,Croatia,HRV,65.891,74.11264862970964,-8.221648629709634,8.221648629709634
Ridge,2022,Hungary,HUN,72.304,65.54373985698814,6.7602601430118625,6.7602601430118625
Ridge,2022,Ireland,IRL,71.698,70.13195872637168,1.566041273628315,1.566041273628315
Ridge,2022,Iceland,ISL,84.045,80.54699597907427,3.498004020925734,3.498004020925734
Ridge,2022,Italy,ITA,56.419,69.97381456275959,-13.554814562759589,13.554814562759589
Ridge,2022,Lithuania,LTU,77.482,74.01888233495693,3.4631176650430717,3.4631176650430717
Ridge,2022,Luxembourg,LUX,70.035,64.03042116999072,6.0045788300092795,6.0045788300092795
Ridge,2022,Latvia,LVA,74.436,77.54873357503077,-3.1127335750307594,3.1127335750307594
Ridge,2022,Moldova,MDA,73.822,70.35597509293356,3.4660249070664406,3.4660249070664406
Ridge,2022,North Macedonia,MKD,54.175,71.18513485898792,-17.010134858987925,17.010134858987925
Ridge,2022,Malta,MLT,71.819,71.7199793694611,0.09902063053890231,0.09902063053890231
Ridge,2022,Montenegro,MNE,61.514,69.42649414996114,-7.912494149961141,7.912494149961141
Ridge,2022,Netherlands,NLD,81.134,73.24504367711204,7.888956322887964,7.888956322887964
Ridge,2022,Norway,NOR,77.781,81.91868286178075,-4.137682861780746,4.137682861780746
Ridge,2022,Poland,POL,68.076,75.06793502030368,-6.991935020303686,6.991935020303686
Ridge,2022,Portugal,PRT,73.882,75.84328449601414,-1.9612844960141302,1.9612844960141302
Ridge,2022,Romania,ROU,56.909,66.4318881575889,-9.522888157588902,9.522888157588902
Ridge,2022,Russian Federation,RUS,71.036,66.28295070657023,4.753049293429768,4.753049293429768
Ridge,2022,Serbia,SRB,65.81,68.98250216212175,-3.172502162121745,3.172502162121745
Ridge,2022,Slovak Republic,SVK,72.247,70.116771772199,2.1302282278009983,2.1302282278009983
Ridge,2022,Slovenia,SVN,73.402,79.65659140878604,-6.254591408786041,6.254591408786041
Ridge,2022,Sweden,SWE,81.145,79.7594420318378,1.385557968162189,1.385557968162189
Ridge,2022,Turkiye,TUR,39.734,58.30624456879334,-18.572244568793337,18.572244568793337
Ridge,2023,Albania,ALB,70.046,62.81868319151278,7.227316808487224,7.227316808487224
Ridge,2023,Austria,AUT,73.97,79.03463286009642,-5.064632860096424,5.064632860096424
Ridge,2023,Belgium,BEL,66.685,77.08313751727755,-10.398137517277547,10.398137517277547
Ridge,2023,Bulgaria,BGR,70.473,68.8937328477752,1.5792671522248014,1.5792671522248014
Ridge,2023,Bosnia and Herzegovina,BIH,52.057,60.68951496194653,-8.632514961946526,8.632514961946526
Ridge,2023,Belarus,BLR,76.065,77.95226118889974,-1.8872611888997426,1.8872611888997426
Ridge,2023,Switzerland,CHE,80.35,73.88988892568977,6.46011107431022,6.46011107431022
Ridge,2023,Cyprus,CYP,75.172,72.67118521893288,2.5008147810671204,2.5008147810671204
Ridge,2023,Czechia,CZE,71.231,70.48934305796473,0.741656942035263,0.741656942035263
Ridge,2023,Germany,DEU,75.898,75.58000031473964,0.3179996852603608,0.3179996852603608
Ridge,2023,Denmark,DNK,78.403,78.44122990108383,-0.03822990108382385,0.03822990108382385
Ridge,2023,Spain,ESP,70.439,75.42886451588366,-4.989864515883667,4.989864515883667
Ridge,2023,Estonia,EST,80.904,76.31411362040433,4.589886379595669,4.589886379595669
Ridge,2023,Finland,FIN,79.251,84.73063359259696,-5.479633592596954,5.479633592596954
Ridge,2023,France,FRA,71.148,73.46930341608251,-2.3213034160825146,2.3213034160825146
Ridge,2023,United Kingdom,GBR,73.435,77.1639878271472,-3.7289878271471935,3.7289878271471935
Ridge,2023,Greece,GRC,61.905,69.69468361399797,-7.7896836139979655,7.7896836139979655
Ridge,2023,Croatia,HRV,66.351,75.49268583938166,-9.141685839381665,9.141685839381665
Ridge,2023,Hungary,HUN,73.612,65.26946108800901,8.342538911990985,8.342538911990985
Ridge,2023,Ireland,IRL,73.009,69.29917784058237,3.7098221594176266,3.7098221594176266
Ridge,2023,Iceland,ISL,83.857,79.83800955868915,4.018990441310848,4.018990441310848
Ridge,2023,Italy,ITA,57.609,70.76289002381499,-13.153890023814988,13.153890023814988
Ridge,2023,Lithuania,LTU,77.068,73.78839961835959,3.2796003816404067,3.2796003816404067
Ridge,2023,Luxembourg,LUX,70.49,64.50719646845495,5.982803531545045,5.982803531545045
Ridge,2023,Latvia,LVA,74.372,78.35070986004789,-3.9787098600478856,3.9787098600478856
Ridge,2023,Moldova,MDA,72.727,69.96105259738485,2.7659474026151543,2.7659474026151543
Ridge,2023,North Macedonia,MKD,54.488,73.65085942188718,-19.162859421887177,19.162859421887177
Ridge,2023,Malta,MLT,72.35,71.41307261196266,0.9369273880373328,0.9369273880373328
Ridge,2023,Montenegro,MNE,65.528,66.09860621299107,-0.5706062129910663,0.5706062129910663
Ridge,2023,Netherlands,NLD,81.944,75.62238067479832,6.321619325201681,6.321619325201681
Ridge,2023,Norway,NOR,78.067,81.84314854023147,-3.7761485402314747,3.7761485402314747
Ridge,2023,Poland,POL,69.439,76.45271586789981,-7.013715867899819,7.013715867899819
Ridge,2023,Portugal,PRT,75.315,75.58613651942598,-0.2711365194259798,0.2711365194259798
Ridge,2023,Romania,ROU,57.11,66.8468641882229,-9.736864188222896,9.736864188222896
Ridge,2023,Russian Federation,RUS,71.705,69.95513051851135,1.7498694814886449,1.7498694814886449
Ridge,2023,Serbia,SRB,67.276,68.54083422021776,-1.2648342202177645,1.2648342202177645
Ridge,2023,Slovak Republic,SVK,72.702,70.76549767063817,1.9365023293618293,1.9365023293618293
Ridge,2023,Slovenia,SVN,72.49,78.9380030942961,-6.448003094296112,6.448003094296112
Ridge,2023,Sweden,SWE,82.187,79.75041175420229,2.436588245797708,2.436588245797708
Ridge,2023,Turkiye,TUR,40.694,58.725004966047585,-18.031004966047583,18.031004966047583
LASSO,2019,Albania,ALB,61.902,58.407957975038855,3.4940420249611464,3.4940420249611464
LASSO,2019,Austria,AUT,72.485,76.80954325649473,-4.324543256494735,4.324543256494735
LASSO,2019,Belgium,BEL,64.907,75.55112919712894,-10.644129197128947,10.644129197128947
LASSO,2019,Bulgaria,BGR,69.01,70.23712478832367,-1.227124788323664,1.227124788323664
LASSO,2019,Bosnia and Herzegovina,BIH,49.239,58.03349732086044,-8.794497320860444,8.794497320860444
LASSO,2019,Belarus,BLR,75.141,76.7798976785877,-1.6388976785876963,1.6388976785876963
LASSO,2019,Switzerland,CHE,80.225,73.79965429751658,6.425345702483412,6.425345702483412
LASSO,2019,Cyprus,CYP,71.806,69.90603234562977,1.8999676543702293,1.8999676543702293
LASSO,2019,Czechia,CZE,69.6,67.4341204196406,2.1658795803593875,2.1658795803593875
LASSO,2019,Germany,DEU,74.844,72.56720232143837,2.2767976785616213,2.2767976785616213
LASSO,2019,Denmark,DNK,76.059,75.87292546788699,0.18607453211301106,0.18607453211301106
LASSO,2019,Spain,ESP,68.728,72.30913784746033,-3.58113784746034,3.58113784746034
LASSO,2019,Estonia,EST,75.479,74.57082126120312,0.9081787387968774,0.9081787387968774
LASSO,2019,Finland,FIN,76.474,81.64978616152897,-5.175786161528961,5.175786161528961
LASSO,2019,France,FRA,68.195,72.21817473517083,-4.023174735170841,4.023174735170841
LASSO,2019,United Kingdom,GBR,73.52,73.65786441486927,-0.13786441486927004,0.13786441486927004
LASSO,2019,Greece,GRC,59.523,61.9181643633072,-2.3951643633071953,2.3951643633071953
LASSO,2019,Croatia,HRV,61.551,69.64161664846162,-8.09061664846162,8.09061664846162
LASSO,2019,Hungary,HUN,69.222,64.12886247135918,5.09313752864081,5.09313752864081
LASSO,2019,Ireland,IRL,67.408,68.62753398470743,-1.2195339847074251,1.2195339847074251
LASSO,2019,Iceland,ISL,84.479,75.29777204818772,9.181227951812275,9.181227951812275
LASSO,2019,Italy,ITA,56.474,67.64350394048454,-11.169503940484539,11.169503940484539
LASSO,2019,Lithuania,LTU,76.903,69.36030737185565,7.542692628144351,7.542692628144351
LASSO,2019,Luxembourg,LUX,67.44,61.47411812693148,5.965881873068518,5.965881873068518
LASSO,2019,Latvia,LVA,75.117,75.84297086173348,-0.7259708617334724,0.7259708617334724
LASSO,2019,Moldova,MDA,71.158,61.868723705786465,9.289276294213536,9.289276294213536
LASSO,2019,North Macedonia,MKD,53.783,64.015112772471,-10.232112772470998,10.232112772470998
LASSO,2019,Malta,MLT,63.806,63.599005719313205,0.20699428068679282,0.20699428068679282
LASSO,2019,Montenegro,MNE,58.844,65.09904571143478,-6.255045711434782,6.255045711434782
LASSO,2019,Netherlands,NLD,79.472,70.74867426634577,8.723325733654221,8.723325733654221
LASSO,2019,Norway,NOR,77.547,77.94554244134115,-0.39854244134114936,0.39854244134114936
LASSO,2019,Poland,POL,64.207,72.28681380751468,-8.079813807514682,8.079813807514682
LASSO,2019,Portugal,PRT,72.804,74.6110693927327,-1.8070693927327,1.8070693927327
LASSO,2019,Romania,ROU,53.648,65.91183659716924,-12.263836597169238,12.263836597169238
LASSO,2019,Russian Federation,RUS,68.955,66.28288791716031,2.672112082839689,2.672112082839689
LASSO,2019,Serbia,SRB,61.166,68.56502949444162,-7.399029494441621,7.399029494441621
LASSO,2019,Slovak Republic,SVK,66.42,67.98049053081299,-1.5604905308129844,1.5604905308129844
LASSO,2019,Slovenia,SVN,72.119,73.4792788327935,-1.3602788327934974,1.3602788327934974
LASSO,2019,Sweden,SWE,81.157,78.35473037414116,2.802269625858841,2.802269625858841
LASSO,2019,Turkiye,TUR,38.369,52.734669996099285,-14.365669996099285,14.365669996099285
LASSO,2019,Ukraine,UKR,62.889,67.47653419285004,-4.587534192850036,4.587534192850036
LASSO,2020,Albania,ALB,61.474,58.34347717232221,3.130522827677787,3.130522827677787
LASSO,2020,Austria,AUT,72.424,77.14305823936205,-4.719058239362042,4.719058239362042
LASSO,2020,Belgium,BEL,64.484,75.56090808771341,-11.07690808771342,11.07690808771342
LASSO,2020,Bulgaria,BGR,67.883,70.06308343218618,-2.18008343218618,2.18008343218618
LASSO,2020,Bosnia and Herzegovina,BIH,48.233,60.69345391750606,-12.460453917506065,12.460453917506065
LASSO,2020,Belarus,BLR,75.108,76.68444414991735,-1.57644414991735,1.57644414991735
LASSO,2020,Switzerland,CHE,80.032,73.96659785554607,6.065402144453927,6.065402144453927
LASSO,2020,Cyprus,CYP,70.645,71.84881548777821,-1.2038154877782148,1.2038154877782148
LASSO,2020,Czechia,CZE,68.982,67.43723260193585,1.5447673980641525,1.5447673980641525
LASSO,2020,Germany,DEU,74.325,72.65146820213326,1.6735317978667439,1.6735317978667439
LASSO,2020,Denmark,DNK,76.049,75.92836066776421,0.12063933223579681,0.12063933223579681
LASSO,2020,Spain,ESP,67.353,72.43583099166786,-5.082830991667862,5.082830991667862
LASSO,2020,Estonia,EST,75.784,73.5999122595243,2.1840877404757038,2.1840877404757038
LASSO,2020,Finland,FIN,76.429,81.03935453658694,-4.610354536586939,4.610354536586939
LASSO,2020,France,FRA,67.685,73.0880586498076,-5.403058649807605,5.403058649807605
LASSO,2020,United Kingdom,GBR,73.987,75.12432435522601,-1.1373243552260135,1.1373243552260135
LASSO,2020,Greece,GRC,58.589,64.33202629838274,-5.743026298382745,5.743026298382745
LASSO,2020,Croatia,HRV,61.798,73.89164677394402,-12.093646773944016,12.093646773944016
LASSO,2020,Hungary,HUN,69.631,64.17350159826708,5.45749840173292,5.45749840173292
LASSO,2020,Ireland,IRL,66.199,68.35132458462594,-2.1523245846259442,2.1523245846259442
LASSO,2020,Iceland,ISL,82.175,74.90616478503702,7.2688352149629765,7.2688352149629765
LASSO,2020,Italy,ITA,54.618,69.57993065281116,-14.961930652811155,14.961930652811155
LASSO,2020,Lithuania,LTU,77.184,70.47439716887878,6.709602831121217,6.709602831121217
LASSO,2020,Luxembourg,LUX,68.648,62.43527198041466,6.2127280195853345,6.2127280195853345
LASSO,2020,Latvia,LVA,75.628,75.58890409679249,0.03909590320751022,0.03909590320751022
LASSO,2020,Moldova,MDA,70.793,62.51764205241473,8.275357947585277,8.275357947585277
LASSO,2020,North Macedonia,MKD,53.005,66.46069690615609,-13.455696906156085,13.455696906156085
LASSO,2020,Malta,MLT,66.046,64.03658571784584,2.009414282154168,2.009414282154168
LASSO,2020,Montenegro,MNE,54.423,63.064264301408215,-8.641264301408214,8.641264301408214
LASSO,2020,Netherlands,NLD,79.835,72.8211791308854,7.013820869114596,7.013820869114596
LASSO,2020,Norway,NOR,77.784,77.85820616453867,-0.07420616453866558,0.07420616453866558
LASSO,2020,Poland,POL,64.321,72.81663910668598,-8.495639106685985,8.495639106685985
LASSO,2020,Portugal,PRT,71.614,75.88806980009959,-4.274069800099582,4.274069800099582
LASSO,2020,Romania,ROU,54.281,66.20444813752563,-11.923448137525632,11.923448137525632
LASSO,2020,Russian Federation,RUS,69.29,63.75451457071338,5.535485429286624,5.535485429286624
LASSO,2020,Serbia,SRB,60.625,70.35702627512184,-9.73202627512184,9.73202627512184
LASSO,2020,Slovak Republic,SVK,66.442,69.01056802097266,-2.5685680209726627,2.5685680209726627
LASSO,2020,Slovenia,SVN,71.928,73.60715931591886,-1.6791593159188665,1.6791593159188665
LASSO,2020,Sweden,SWE,80.302,78.13167402636218,2.17032597363783,2.17032597363783
LASSO,2020,Turkiye,TUR,34.745,54.55184120354028,-19.80684120354028,19.80684120354028
LASSO,2020,Ukraine,UKR,61.911,67.12336795341099,-5.21236795341099,5.21236795341099
LASSO,2021,Albania,ALB,61.652,61.16230332846164,0.4896966715383613,0.4896966715383613
LASSO,2021,Austria,AUT,72.797,76.64972759623544,-3.8527275962354395,3.8527275962354395
LASSO,2021,Belgium,BEL,65.642,75.54880992970112,-9.906809929701126,9.906809929701126
LASSO,2021,Bulgaria,BGR,67.785,68.90879921476758,-1.1237992147675868,1.1237992147675868
LASSO,2021,Bosnia and Herzegovina,BIH,48.81,59.560722793218375,-10.750722793218372,10.750722793218372
LASSO,2021,Belarus,BLR,75.717,76.47012468053136,-0.7531246805313572,0.7531246805313572
LASSO,2021,Switzerland,CHE,80.146,73.62315490365397,6.522845096346032,6.522845096346032
LASSO,2021,Cyprus,CYP,71.554,70.20646682527385,1.347533174726152,1.347533174726152
LASSO,2021,Czechia,CZE,69.496,68.24277468533322,1.2532253146667784,1.2532253146667784
LASSO,2021,Germany,DEU,74.502,74.094900141105,0.4070998588949948,0.4070998588949948
LASSO,2021,Denmark,DNK,76.45,76.31138877790028,0.1386112220997262,0.1386112220997262
LASSO,2021,Spain,ESP,69.138,72.54487421193492,-3.4068742119349196,3.4068742119349196
LASSO,2021,Estonia,EST,76.712,72.8837754763598,3.828224523640202,3.828224523640202
LASSO,2021,Finland,FIN,77.245,81.22352425539562,-3.9785242553956124,3.9785242553956124
LASSO,2021,France,FRA,70.004,73.19315781585519,-3.1891578158551823,3.1891578158551823
LASSO,2021,United Kingdom,GBR,73.844,75.17631930412492,-1.3323193041249226,1.3323193041249226
LASSO,2021,Greece,GRC,59.632,64.40677265081281,-4.774772650812814,4.774772650812814
LASSO,2021,Croatia,HRV,64.144,72.65296192518625,-8.508961925186242,8.508961925186242
LASSO,2021,Hungary,HUN,71.027,64.53340727752384,6.493592722476166,6.493592722476166
LASSO,2021,Ireland,IRL,69.803,67.43757203507592,2.3654279649240806,2.3654279649240806
LASSO,2021,Iceland,ISL,82.093,78.26337959138851,3.82962040861149,3.82962040861149
LASSO,2021,Italy,ITA,55.356,69.35190185678032,-13.995901856780314,13.995901856780314
LASSO,2021,Lithuania,LTU,77.207,71.48009131139186,5.726908688608134,5.726908688608134
LASSO,2021,Luxembourg,LUX,69.647,63.72609987212798,5.920900127872024,5.920900127872024
LASSO,2021,Latvia,LVA,72.958,75.18646268499859,-2.22846268499859,2.22846268499859
LASSO,2021,Moldova,MDA,73.218,67.64538802928642,5.572611970713581,5.572611970713581
LASSO,2021,North Macedonia,MKD,52.288,67.89198138326834,-15.603981383268348,15.603981383268348
LASSO,2021,Malta,MLT,67.679,65.14706539995856,2.5319346000414384,2.5319346000414384
LASSO,2021,Montenegro,MNE,52.787,65.74088211213602,-12.953882112136021,12.953882112136021
LASSO,2021,Netherlands,NLD,80.204,74.45642582247609,5.7475741775239015,5.7475741775239015
LASSO,2021,Norway,NOR,77.628,79.68776585925922,-2.0597658592592154,2.0597658592592154
LASSO,2021,Poland,POL,66.711,72.87890026704234,-6.1679002670423415,6.1679002670423415
LASSO,2021,Portugal,PRT,72.328,76.46924474600112,-4.141244746001121,4.141244746001121
LASSO,2021,Romania,ROU,55.164,65.33162934122197,-10.167629341221968,10.167629341221968
LASSO,2021,Russian Federation,RUS,70.346,64.04300969611728,6.302990303882723,6.302990303882723
LASSO,2021,Serbia,SRB,64.198,69.14027844621937,-4.942278446219376,4.942278446219376
LASSO,2021,Slovak Republic,SVK,70.547,68.55009410836504,1.9969058916349525,1.9969058916349525
LASSO,2021,Slovenia,SVN,72.494,73.57647413569373,-1.0824741356937295,1.0824741356937295
LASSO,2021,Sweden,SWE,80.51,77.88853511634976,2.6214648836502477,2.6214648836502477
LASSO,2021,Turkiye,TUR,37.038,55.225482304992596,-18.1874823049926,18.1874823049926
LASSO,2021,Ukraine,UKR,61.748,66.22620432119291,-4.478204321192912,4.478204321192912
LASSO,2022,Albania,ALB,67.298,61.15398676260549,6.14401323739451,6.14401323739451
LASSO,2022,Austria,AUT,73.535,77.9156781074521,-4.380678107452098,4.380678107452098
LASSO,2022,Belgium,BEL,66.753,76.19100062061752,-9.438000620617515,9.438000620617515
LASSO,2022,Bulgaria,BGR,70.032,69.7695424372361,0.262457562763899,0.262457562763899
LASSO,2022,Bosnia and Herzegovina,BIH,50.706,57.98765681181892,-7.2816568118189196,7.2816568118189196
LASSO,2022,Belarus,BLR,76.072,76.4784491127835,-0.4064491127834913,0.4064491127834913
LASSO,2022,Switzerland,CHE,79.733,74.12541290307533,5.607587096924675,5.607587096924675
LASSO,2022,Cyprus,CYP,73.577,70.26348693502179,3.31351306497821,3.31351306497821
LASSO,2022,Czechia,CZE,70.111,69.57114528396542,0.5398547160345828,0.5398547160345828
LASSO,2022,Germany,DEU,75.311,74.7095530930765,0.6014469069235133,0.6014469069235133
LASSO,2022,Denmark,DNK,78.018,78.41500005461548,-0.39700005461547505,0.39700005461547505
LASSO,2022,Spain,ESP,69.524,73.32158277134307,-3.797582771343073,3.797582771343073
LASSO,2022,Estonia,EST,79.503,73.78562878808283,5.717371211917168,5.717371211917168
LASSO,2022,Finland,FIN,78.93,82.17874377168525,-3.248743771685241,3.248743771685241
LASSO,2022,France,FRA,70.609,72.7514283876578,-2.1424283876578016,2.1424283876578016
LASSO,2022,United Kingdom,GBR,73.498,75.91859328973712,-2.4205932897371127,2.4205932897371127
LASSO,2022,Greece,GRC,61.55,67.21029952337923,-5.660299523379237,5.660299523379237
LASSO,2022,Croatia,HRV,65.891,73.41727008532818,-7.5262700853281785,7.5262700853281785
LASSO,2022,Hungary,HUN,72.304,65.29636995928367,7.007630040716336,7.007630040716336
LASSO,2022,Ireland,IRL,71.698,68.83283757046752,2.865162429532475,2.865162429532475
LASSO,2022,Iceland,ISL,84.045,79.58320131908873,4.461798680911272,4.461798680911272
LASSO,2022,Italy,ITA,56.419,69.61613733610297,-13.19713733610297,13.19713733610297
LASSO,2022,Lithuania,LTU,77.482,72.61192937639196,4.8700706236080435,4.8700706236080435
LASSO,2022,Luxembourg,LUX,70.035,64.20898249139331,5.826017508606682,5.826017508606682
LASSO,2022,Latvia,LVA,74.436,75.94606701525036,-1.5100670152503568,1.5100670152503568
LASSO,2022,Moldova,MDA,73.822,69.0943645608783,4.727635439121698,4.727635439121698
LASSO,2022,North Macedonia,MKD,54.175,70.35985242142765,-16.18485242142765,16.18485242142765
LASSO,2022,Malta,MLT,71.819,70.93693839811407,0.8820616018859369,0.8820616018859369
LASSO,2022,Montenegro,MNE,61.514,68.2487200470255,-6.7347200470254975,6.7347200470254975
LASSO,2022,Netherlands,NLD,81.134,73.03889398613568,8.095106013864324,8.095106013864324
LASSO,2022,Norway,NOR,77.781,80.70625429999751,-2.925254299997505,2.925254299997505
LASSO,2022,Poland,POL,68.076,73.62614409505949,-5.550144095059494,5.550144095059494
LASSO,2022,Portugal,PRT,73.882,75.29438227671704,-1.4123822767170395,1.4123822767170395
LASSO,2022,Romania,ROU,56.909,66.1436448187377,-9.2346448187377,9.2346448187377
LASSO,2022,Russian Federation,RUS,71.036,64.86776143012756,6.168238569872443,6.168238569872443
LASSO,2022,Serbia,SRB,65.81,68.95694565515389,-3.1469456551538855,3.1469456551538855
LASSO,2022,Slovak Republic,SVK,72.247,69.21024836078502,3.036751639214984,3.036751639214984
LASSO,2022,Slovenia,SVN,73.402,78.72861594808056,-5.326615948080558,5.326615948080558
LASSO,2022,Sweden,SWE,81.145,78.47211115391939,2.6728888460806104,2.6728888460806104
LASSO,2022,Turkiye,TUR,39.734,56.861114277603114,-17.127114277603113,17.127114277603113
LASSO,2023,Albania,ALB,70.046,62.3382170814255,7.707782918574509,7.707782918574509
LASSO,2023,Austria,AUT,73.97,78.08633692901338,-4.116336929013386,4.116336929013386
LASSO,2023,Belgium,BEL,66.685,76.22167792121546,-9.536677921215457,9.536677921215457
LASSO,2023,Bulgaria,BGR,70.473,69.29245497926279,1.1805450207372132,1.1805450207372132
LASSO,2023,Bosnia and Herzegovina,BIH,52.057,60.790728969849425,-8.733728969849423,8.733728969849423
LASSO,2023,Belarus,BLR,76.065,76.0927496961121,-0.02774969611209599,0.02774969611209599
LASSO,2023,Switzerland,CHE,80.35,73.41983674974338,6.930163250256612,6.930163250256612
LASSO,2023,Cyprus,CYP,75.172,71.41312919774337,3.7588708022566237,3.7588708022566237
LASSO,2023,Czechia,CZE,71.231,69.77709430629956,1.4539056937004347,1.4539056937004347
LASSO,2023,Germany,DEU,75.898,75.0622459805208,0.8357540194791966,0.8357540194791966
LASSO,2023,Denmark,DNK,78.403,77.75247451341566,0.6505254865843426,0.6505254865843426
LASSO,2023,Spain,ESP,70.439,74.48107354536512,-4.0420735453651275,4.0420735453651275
LASSO,2023,Estonia,EST,80.904,74.47192781035912,6.432072189640877,6.432072189640877
LASSO,2023,Finland,FIN,79.251,82.92794735694403,-3.6769473569440265,3.6769473569440265
LASSO,2023,France,FRA,71.148,72.84409247829413,-1.6960924782941333,1.6960924782941333
LASSO,2023,United Kingdom,GBR,73.435,75.8534947358806,-2.4184947358806,2.4184947358806
LASSO,2023,Greece,GRC,61.905,68.9417063489709,-7.036706348970895,7.036706348970895
LASSO,2023,Croatia,HRV,66.351,74.5913242540475,-8.240324254047508,8.240324254047508
LASSO,2023,Hungary,HUN,73.612,64.92387641407744,8.688123585922554,8.688123585922554
LASSO,2023,Ireland,IRL,73.009,68.1048450113987,4.904154988601306,4.904154988601306
LASSO,2023,Iceland,ISL,83.857,78.91333248634288,4.943667513657118,4.943667513657118
LASSO,2023,Italy,ITA,57.609,70.35023783476451,-12.741237834764512,12.741237834764512
LASSO,2023,Lithuania,LTU,77.068,72.34396470262773,4.724035297372268,4.724035297372268
LASSO,2023,Luxembourg,LUX,70.49,64.49881064437999,5.991189355620008,5.991189355620008
LASSO,2023,Latvia,LVA,74.372,76.57759001010037,-2.205590010100366,2.205590010100366
LASSO,2023,Moldova,MDA,72.727,68.94363993595918,3.7833600640408207,3.7833600640408207
LASSO,2023,North Macedonia,MKD,54.488,72.43866064318277,-17.950660643182772,17.950660643182772
LASSO,2023,Malta,MLT,72.35,70.67486412967924,1.6751358703207586,1.6751358703207586
LASSO,2023,Montenegro,MNE,65.528,64.98916200322003,0.538837996779975,0.538837996779975
LASSO,2023,Netherlands,NLD,81.944,75.17250291221359,6.771497087786415,6.771497087786415
LASSO,2023,Norway,NOR,78.067,80.70139013614883,-2.6343901361488378,2.6343901361488378
LASSO,2023,Poland,POL,69.439,74.7810196662445,-5.342019666244511,5.342019666244511
LASSO,2023,Portugal,PRT,75.315,75.12770451339453,0.18729548660546413,0.18729548660546413
LASSO,2023,Romania,ROU,57.11,66.15910428434098,-9.049104284340984,9.049104284340984
LASSO,2023,Russian Federation,RUS,71.705,68.4415808175025,3.2634191824975005,3.2634191824975005
LASSO,2023,Serbia,SRB,67.276,68.57054568134866,-1.2945456813486658,1.2945456813486658
LASSO,2023,Slovak Republic,SVK,72.702,69.67228808100322,3.0297119189967816,3.0297119189967816
LASSO,2023,Slovenia,SVN,72.49,77.96769955259526,-5.4776995525952685,5.4776995525952685
LASSO,2023,Sweden,SWE,82.187,78.31233366362875,3.8746663363712486,3.8746663363712486
LASSO,2023,Turkiye,TUR,40.694,57.27724263035646,-16.58324263035646,16.58324263035646
SVR,2019,Albania,ALB,61.902,57.933033738046916,3.968966261953085,3.968966261953085
SVR,2019,Austria,AUT,72.485,71.79238532399367,0.692614676006329,0.692614676006329
SVR,2019,Belgium,BEL,64.907,72.53460999928201,-7.627609999282015,7.627609999282015
SVR,2019,Bulgaria,BGR,69.01,69.23825355247631,-0.2282535524763034,0.2282535524763034
SVR,2019,Bosnia and Herzegovina,BIH,49.239,49.934534414632566,-0.6955344146325686,0.6955344146325686
SVR,2019,Belarus,BLR,75.141,74.55311439103485,0.5878856089651521,0.5878856089651521
SVR,2019,Switzerland,CHE,80.225,79.65525135332462,0.5697486466753787,0.5697486466753787
SVR,2019,Cyprus,CYP,71.806,71.22223780742381,0.583762192576188,0.583762192576188
SVR,2019,Czechia,CZE,69.6,69.85195237067208,-0.2519523706720861,0.2519523706720861
SVR,2019,Germany,DEU,74.844,74.55258348289576,0.29141651710423844,0.29141651710423844
SVR,2019,Denmark,DNK,76.059,76.45433017934937,-0.3953301793493722,0.3953301793493722
SVR,2019,Spain,ESP,68.728,70.3313394837188,-1.6033394837188126,1.6033394837188126
SVR,2019,Estonia,EST,75.479,73.9016676551183,1.5773323448816967,1.5773323448816967
SVR,2019,Finland,FIN,76.474,76.13400301175449,0.3399969882455167,0.3399969882455167
SVR,2019,France,FRA,68.195,68.5893756780813,-0.39437567808130325,0.39437567808130325
SVR,2019,United Kingdom,GBR,73.52,74.08316387350678,-0.563163873506781,0.563163873506781
SVR,2019,Greece,GRC,59.523,60.48177312923705,-0.9587731292370449,0.9587731292370449
SVR,2019,Croatia,HRV,61.551,64.41493320508977,-2.863933205089765,2.863933205089765
SVR,2019,Hungary,HUN,69.222,69.67842974256887,-0.45642974256887214,0.45642974256887214
SVR,2019,Ireland,IRL,67.408,66.59285376130549,0.8151462386945099,0.8151462386945099
SVR,2019,Iceland,ISL,84.479,80.85680006499115,3.622199935008851,3.622199935008851
SVR,2019,Italy,ITA,56.474,56.06559962901096,0.40840037098903537,0.40840037098903537
SVR,2019,Lithuania,LTU,76.903,70.61592121242569,6.287078787574316,6.287078787574316
SVR,2019,Luxembourg,LUX,67.44,66.83974567407115,0.6002543259288444,0.6002543259288444
SVR,2019,Latvia,LVA,75.117,72.05702541239815,3.0599745876018574,3.0599745876018574
SVR,2019,Moldova,MDA,71.158,67.45794419640009,3.700055803599909,3.700055803599909
SVR,2019,North Macedonia,MKD,53.783,52.91908452553541,0.8639154744645907,0.8639154744645907
SVR,2019,Malta,MLT,63.806,63.6412795847677,0.16472041523229564,0.16472041523229564
SVR,2019,Montenegro,MNE,58.844,57.87786015799491,0.9661398420050915,0.9661398420050915
SVR,2019,Netherlands,NLD,79.472,75.34473166070232,4.127268339297672,4.127268339297672
SVR,2019,Norway,NOR,77.547,76.4196022684625,1.1273977315374992,1.1273977315374992
SVR,2019,Poland,POL,64.207,64.24703675338475,-0.04003675338475432,0.04003675338475432
SVR,2019,Portugal,PRT,72.804,70.05538348736773,2.7486165126322675,2.7486165126322675
SVR,2019,Romania,ROU,53.648,55.067319639894414,-1.419319639894411,1.419319639894411
SVR,2019,Russian Federation,RUS,68.955,69.80879514102924,-0.8537951410292379,0.8537951410292379
SVR,2019,Serbia,SRB,61.166,61.28743070947822,-0.12143070947822565,0.12143070947822565
SVR,2019,Slovak Republic,SVK,66.42,66.62707674654048,-0.20707674654047992,0.20707674654047992
SVR,2019,Slovenia,SVN,72.119,72.03354761403668,0.08545238596332183,0.08545238596332183
SVR,2019,Sweden,SWE,81.157,80.87431843746774,0.28268156253226095,0.28268156253226095
SVR,2019,Turkiye,TUR,38.369,40.69051959740739,-2.321519597407388,2.321519597407388
SVR,2019,Ukraine,UKR,62.889,63.880768333614945,-0.9917683336149423,0.9917683336149423
SVR,2020,Albania,ALB,61.474,56.37813795841329,5.095862041586706,5.095862041586706
SVR,2020,Austria,AUT,72.424,72.01140910540803,0.41259089459197185,0.41259089459197185
SVR,2020,Belgium,BEL,64.484,68.98653285822084,-4.502532858220846,4.502532858220846
SVR,2020,Bulgaria,BGR,67.883,66.46519512121704,1.4178048787829596,1.4178048787829596
SVR,2020,Bosnia and Herzegovina,BIH,48.233,52.75651181532543,-4.523511815325435,4.523511815325435
SVR,2020,Belarus,BLR,75.108,73.47342691110744,1.6345730888925658,1.6345730888925658
SVR,2020,Switzerland,CHE,80.032,79.27958276441487,0.7524172355851277,0.7524172355851277
SVR,2020,Cyprus,CYP,70.645,66.9242390804027,3.7207609195972964,3.7207609195972964
SVR,2020,Czechia,CZE,68.982,66.63583849503924,2.3461615049607616,2.3461615049607616
SVR,2020,Germany,DEU,74.325,73.46929142940378,0.8557085705962209,0.8557085705962209
SVR,2020,Denmark,DNK,76.049,74.85227318808636,1.1967268119136492,1.1967268119136492
SVR,2020,Spain,ESP,67.353,69.26291903708248,-1.9099190370824886,1.9099190370824886
SVR,2020,Estonia,EST,75.784,72.07613509831705,3.707864901682953,3.707864901682953
SVR,2020,Finland,FIN,76.429,76.55480395637954,-0.12580395637954211,0.12580395637954211
SVR,2020,France,FRA,67.685,66.72225410590369,0.9627458940963152,0.9627458940963152
SVR,2020,United Kingdom,GBR,73.987,69.95872769481608,4.028272305183918,4.028272305183918
SVR,2020,Greece,GRC,58.589,60.978497219723245,-2.3894972197232462,2.3894972197232462
SVR,2020,Croatia,HRV,61.798,65.9594597490744,-4.161459749074396,4.161459749074396
SVR,2020,Hungary,HUN,69.631,66.4145447782267,3.216455221773302,3.216455221773302
SVR,2020,Ireland,IRL,66.199,65.22622514652643,0.9727748534735667,0.9727748534735667
SVR,2020,Iceland,ISL,82.175,72.55013159022124,9.624868409778756,9.624868409778756
SVR,2020,Italy,ITA,54.618,61.65090606167591,-7.032906061675909,7.032906061675909
SVR,2020,Lithuania,LTU,77.184,68.65346705815624,8.53053294184376,8.53053294184376
SVR,2020,Luxembourg,LUX,68.648,66.57713346188433,2.0708665381156663,2.0708665381156663
SVR,2020,Latvia,LVA,75.628,69.14047528345998,6.4875247165400225,6.4875247165400225
SVR,2020,Moldova,MDA,70.793,62.600692110235656,8.19230788976435,8.19230788976435
SVR,2020,North Macedonia,MKD,53.005,54.74111744637551,-1.7361174463755091,1.7361174463755091
SVR,2020,Malta,MLT,66.046,59.65580399216164,6.3901960078383695,6.3901960078383695
SVR,2020,Montenegro,MNE,54.423,60.14034067852215,-5.717340678522149,5.717340678522149
SVR,2020,Netherlands,NLD,79.835,71.93052022136288,7.904479778637111,7.904479778637111
SVR,2020,Norway,NOR,77.784,74.2977613290592,3.486238670940807,3.486238670940807
SVR,2020,Poland,POL,64.321,63.61771781528826,0.703282184711739,0.703282184711739
SVR,2020,Portugal,PRT,71.614,69.94713030898941,1.6668696910105893,1.6668696910105893
SVR,2020,Romania,ROU,54.281,55.26210258989979,-0.9811025898997912,0.9811025898997912
SVR,2020,Russian Federation,RUS,69.29,64.77474546051576,4.515254539484246,4.515254539484246
SVR,2020,Serbia,SRB,60.625,59.078371920443026,1.5466280795569745,1.5466280795569745
SVR,2020,Slovak Republic,SVK,66.442,67.19990384259091,-0.7579038425909204,0.7579038425909204
SVR,2020,Slovenia,SVN,71.928,68.34675329268161,3.5812467073183853,3.5812467073183853
SVR,2020,Sweden,SWE,80.302,76.54163490511137,3.760365094888641,3.760365094888641
SVR,2020,Turkiye,TUR,34.745,44.31654587288749,-9.57154587288749,9.57154587288749
SVR,2020,Ukraine,UKR,61.911,60.56704820311893,1.343951796881072,1.343951796881072
SVR,2021,Albania,ALB,61.652,60.56499306382613,1.0870069361738715,1.0870069361738715
SVR,2021,Austria,AUT,72.797,73.4554107044252,-0.6584107044252079,0.6584107044252079
SVR,2021,Belgium,BEL,65.642,74.88860056157068,-9.246600561570688,9.246600561570688
SVR,2021,Bulgaria,BGR,67.785,72.02161326442267,-4.236613264422672,4.236613264422672
SVR,2021,Bosnia and Herzegovina,BIH,48.81,53.492472947911814,-4.682472947911812,4.682472947911812
SVR,2021,Belarus,BLR,75.717,77.63250915850776,-1.91550915850776,1.91550915850776
SVR,2021,Switzerland,CHE,80.146,77.00440099692926,3.1415990030707377,3.1415990030707377
SVR,2021,Cyprus,CYP,71.554,73.04308902850723,-1.4890890285072231,1.4890890285072231
SVR,2021,Czechia,CZE,69.496,69.80117112170437,-0.305171121704376,0.305171121704376
SVR,2021,Germany,DEU,74.502,75.48670076208296,-0.9847007620829658,0.9847007620829658
SVR,2021,Denmark,DNK,76.45,78.58527021391305,-2.1352702139130457,2.1352702139130457
SVR,2021,Spain,ESP,69.138,73.91010759496598,-4.7721075949659735,4.7721075949659735
SVR,2021,Estonia,EST,76.712,74.69597389444249,2.016026105557515,2.016026105557515
SVR,2021,Finland,FIN,77.245,75.66890860286117,1.576091397138839,1.576091397138839
SVR,2021,France,FRA,70.004,71.81205782806484,-1.8080578280648325,1.8080578280648325
SVR,2021,United Kingdom,GBR,73.844,74.87378482551799,-1.0297848255179929,1.0297848255179929
SVR,2021,Greece,GRC,59.632,62.2196900375241,-2.587690037524105,2.587690037524105
SVR,2021,Croatia,HRV,64.144,72.17294464867575,-8.028944648675747,8.028944648675747
SVR,2021,Hungary,HUN,71.027,71.80809500439379,-0.7810950043937908,0.7810950043937908
SVR,2021,Ireland,IRL,69.803,66.36854830776731,3.4344516922326846,3.4344516922326846
SVR,2021,Iceland,ISL,82.093,78.69395487576018,3.3990451242398194,3.3990451242398194
SVR,2021,Italy,ITA,55.356,65.60627664187069,-10.250276641870691,10.250276641870691
SVR,2021,Lithuania,LTU,77.207,72.10609241396932,5.100907586030672,5.100907586030672
SVR,2021,Luxembourg,LUX,69.647,63.665657175906716,5.981342824093289,5.981342824093289
SVR,2021,Latvia,LVA,72.958,76.48861534281271,-3.530615342812709,3.530615342812709
SVR,2021,Moldova,MDA,73.218,61.246414104822776,11.971585895177228,11.971585895177228
SVR,2021,North Macedonia,MKD,52.288,56.534133002403664,-4.246133002403667,4.246133002403667
SVR,2021,Malta,MLT,67.679,67.60645448082886,0.07254551917114327,0.07254551917114327
SVR,2021,Montenegro,MNE,52.787,60.27749618918569,-7.490496189185691,7.490496189185691
SVR,2021,Netherlands,NLD,80.204,77.69267746106009,2.5113225389399076,2.5113225389399076
SVR,2021,Norway,NOR,77.628,77.49542066995276,0.13257933004723554,0.13257933004723554
SVR,2021,Poland,POL,66.711,64.91460115526195,1.7963988447380501,1.7963988447380501
SVR,2021,Portugal,PRT,72.328,70.9876471185778,1.3403528814222057,1.3403528814222057
SVR,2021,Romania,ROU,55.164,56.19378892372577,-1.0297889237257678,1.0297889237257678
SVR,2021,Russian Federation,RUS,70.346,72.33448405518922,-1.9884840551892182,1.9884840551892182
SVR,2021,Serbia,SRB,64.198,64.46531745194171,-0.26731745194172163,0.26731745194172163
SVR,2021,Slovak Republic,SVK,70.547,67.27092564638406,3.2760743536159396,3.2760743536159396
SVR,2021,Slovenia,SVN,72.494,75.64595789394318,-3.1519578939431767,3.1519578939431767
SVR,2021,Sweden,SWE,80.51,76.38489138439783,4.125108615602173,4.125108615602173
SVR,2021,Turkiye,TUR,37.038,50.57301847573468,-13.535018475734681,13.535018475734681
SVR,2021,Ukraine,UKR,61.748,64.24074843364015,-2.492748433640152,2.492748433640152
SVR,2022,Albania,ALB,67.298,60.24374679160725,7.054253208392751,7.054253208392751
SVR,2022,Austria,AUT,73.535,74.40538844374343,-0.8703884437434368,0.8703884437434368
SVR,2022,Belgium,BEL,66.753,75.15786585371387,-8.404865853713872,8.404865853713872
SVR,2022,Bulgaria,BGR,70.032,72.75225349645413,-2.7202534964541343,2.7202534964541343
SVR,2022,Bosnia and Herzegovina,BIH,50.706,51.89914759245388,-1.193147592453876,1.193147592453876
SVR,2022,Belarus,BLR,76.072,75.33154337313385,0.7404566268661483,0.7404566268661483
SVR,2022,Switzerland,CHE,79.733,77.46315243371242,2.2698475662875808,2.2698475662875808
SVR,2022,Cyprus,CYP,73.577,72.69325456650971,0.8837454334902901,0.8837454334902901
SVR,2022,Czechia,CZE,70.111,72.28471311032338,-2.1737131103233764,2.1737131103233764
SVR,2022,Germany,DEU,75.311,75.77768657322903,-0.4666865732290262,0.4666865732290262
SVR,2022,Denmark,DNK,78.018,79.25594615799581,-1.2379461579958075,1.2379461579958075
SVR,2022,Spain,ESP,69.524,73.49826872124966,-3.9742687212496577,3.9742687212496577
SVR,2022,Estonia,EST,79.503,73.43064646492304,6.072353535076957,6.072353535076957
SVR,2022,Finland,FIN,78.93,76.18485115021919,2.7451488497808185,2.7451488497808185
SVR,2022,France,FRA,70.609,69.3870831355388,1.2219168644611926,1.2219168644611926
SVR,2022,United Kingdom,GBR,73.498,76.07677829299807,-2.5787782929980665,2.5787782929980665
SVR,2022,Greece,GRC,61.55,60.151446318602765,1.3985536813972317,1.3985536813972317
SVR,2022,Croatia,HRV,65.891,72.38108095096206,-6.490080950962053,6.490080950962053
SVR,2022,Hungary,HUN,72.304,71.86291942452826,0.4410805754717444,0.4410805754717444
SVR,2022,Ireland,IRL,71.698,65.5546633598239,6.143336640176088,6.143336640176088
SVR,2022,Iceland,ISL,84.045,79.70885167382163,4.336148326178375,4.336148326178375
SVR,2022,Italy,ITA,56.419,66.08718143763112,-9.66818143763112,9.66818143763112
SVR,2022,Lithuania,LTU,77.482,72.53169798393667,4.950302016063333,4.950302016063333
SVR,2022,Luxembourg,LUX,70.035,64.65167844502881,5.3833215549711895,5.3833215549711895
SVR,2022,Latvia,LVA,74.436,76.12039544088123,-1.684395440881218,1.684395440881218
SVR,2022,Moldova,MDA,73.822,61.9600177913165,11.8619822086835,11.8619822086835
SVR,2022,North Macedonia,MKD,54.175,63.00422555082182,-8.829225550821825,8.829225550821825
SVR,2022,Malta,MLT,71.819,70.8917900417437,0.9272099582562987,0.9272099582562987
SVR,2022,Montenegro,MNE,61.514,62.56019797422152,-1.0461979742215206,1.0461979742215206
SVR,2022,Netherlands,NLD,81.134,76.63137521686822,4.502624783131779,4.502624783131779
SVR,2022,Norway,NOR,77.781,77.8674740417975,-0.08647404179748719,0.08647404179748719
SVR,2022,Poland,POL,68.076,67.38224557497804,0.6937544250219503,0.6937544250219503
SVR,2022,Portugal,PRT,73.882,72.44727925990355,1.4347207400964521,1.4347207400964521
SVR,2022,Romania,ROU,56.909,58.88767334860715,-1.9786733486071526,1.9786733486071526
SVR,2022,Russian Federation,RUS,71.036,69.09039892784214,1.9456010721578565,1.9456010721578565
SVR,2022,Serbia,SRB,65.81,63.3324500975447,2.4775499024553014,2.4775499024553014
SVR,2022,Slovak Republic,SVK,72.247,67.41562865631342,4.831371343686584,4.831371343686584
SVR,2022,Slovenia,SVN,73.402,71.78477402886392,1.6172259711360795,1.6172259711360795
SVR,2022,Sweden,SWE,81.145,75.65371407008098,5.491285929919016,5.491285929919016
SVR,2022,Turkiye,TUR,39.734,61.665452490578886,-21.931452490578884,21.931452490578884
SVR,2023,Albania,ALB,70.046,57.959270130115506,12.0867298698845,12.0867298698845
SVR,2023,Austria,AUT,73.97,73.45541297305721,0.5145870269427917,0.5145870269427917
SVR,2023,Belgium,BEL,66.685,73.3070953807396,-6.622095380739594,6.622095380739594
SVR,2023,Bulgaria,BGR,70.473,70.81570483786848,-0.3427048378684816,0.3427048378684816
SVR,2023,Bosnia and Herzegovina,BIH,52.057,51.2086309707693,0.8483690292307031,0.8483690292307031
SVR,2023,Belarus,BLR,76.065,74.36486143491638,1.7001385650836198,1.7001385650836198
SVR,2023,Switzerland,CHE,80.35,76.94173588754968,3.4082641124503112,3.4082641124503112
SVR,2023,Cyprus,CYP,75.172,72.17896897843644,2.993031021563553,2.993031021563553
SVR,2023,Czechia,CZE,71.231,70.86431177923718,0.3666882207628106,0.3666882207628106
SVR,2023,Germany,DEU,75.898,74.97423609377005,0.9237639062299507,0.9237639062299507
SVR,2023,Denmark,DNK,78.403,79.70884139851242,-1.3058413985124133,1.3058413985124133
SVR,2023,Spain,ESP,70.439,71.87714436450881,-1.4381443645088154,1.4381443645088154
SVR,2023,Estonia,EST,80.904,74.36388715590536,6.540112844094637,6.540112844094637
SVR,2023,Finland,FIN,79.251,76.4986853002833,2.752314699716706,2.752314699716706
SVR,2023,France,FRA,71.148,68.4159501002617,2.7320498997383,2.7320498997383
SVR,2023,United Kingdom,GBR,73.435,73.62876482262614,-0.19376482262613592,0.19376482262613592
SVR,2023,Greece,GRC,61.905,59.866142432387036,2.0388575676129648,2.0388575676129648
SVR,2023,Croatia,HRV,66.351,70.88206410008561,-4.531064100085615,4.531064100085615
SVR,2023,Hungary,HUN,73.612,69.73564263000762,3.876357369992377,3.876357369992377
SVR,2023,Ireland,IRL,73.009,65.91837973883788,7.090620261162115,7.090620261162115
SVR,2023,Iceland,ISL,83.857,81.98432433936249,1.872675660637512,1.872675660637512
SVR,2023,Italy,ITA,57.609,63.05389432034806,-5.444894320348055,5.444894320348055
SVR,2023,Lithuania,LTU,77.068,68.79697725919368,8.271022740806316,8.271022740806316
SVR,2023,Luxembourg,LUX,70.49,65.73640019481148,4.753599805188514,4.753599805188514
SVR,2023,Latvia,LVA,74.372,73.20670163878039,1.1652983612196124,1.1652983612196124
SVR,2023,Moldova,MDA,72.727,63.51513564007067,9.211864359929336,9.211864359929336
SVR,2023,North Macedonia,MKD,54.488,63.54423729372181,-9.056237293721807,9.056237293721807
SVR,2023,Malta,MLT,72.35,72.91241854551406,-0.5624185455140633,0.5624185455140633
SVR,2023,Montenegro,MNE,65.528,61.081308174929326,4.44669182507068,4.44669182507068
SVR,2023,Netherlands,NLD,81.944,77.27159886460642,4.672401135393585,4.672401135393585
SVR,2023,Norway,NOR,78.067,77.94277189556561,0.12422810443437982,0.12422810443437982
SVR,2023,Poland,POL,69.439,66.37357766677292,3.065422333227076,3.065422333227076
SVR,2023,Portugal,PRT,75.315,72.07088610213627,3.244113897863727,3.244113897863727
SVR,2023,Romania,ROU,57.11,59.00475039608384,-1.8947503960838432,1.8947503960838432
SVR,2023,Russian Federation,RUS,71.705,72.16984637442202,-0.4648463744220237,0.4648463744220237
SVR,2023,Serbia,SRB,67.276,63.466015707271985,3.8099842927280108,3.8099842927280108
SVR,2023,Slovak Republic,SVK,72.702,68.22344899211052,4.478551007889479,4.478551007889479
SVR,2023,Slovenia,SVN,72.49,71.09338757657004,1.396612423429957,1.396612423429957
SVR,2023,Sweden,SWE,82.187,75.52285049528163,6.664149504718367,6.664149504718367
SVR,2023,Turkiye,TUR,40.694,63.37762985028701,-22.683629850287005,22.683629850287005
Random Forest,2019,Albania,ALB,61.902,57.46814467658194,4.433855323418058,4.433855323418058
Random Forest,2019,Austria,AUT,72.485,71.3395488532622,1.1454511467377984,1.1454511467377984
Random Forest,2019,Belgium,BEL,64.907,66.41118247619046,-1.504182476190465,1.504182476190465
Random Forest,2019,Bulgaria,BGR,69.01,71.22412312716045,-2.2141231271604482,2.2141231271604482
Random Forest,2019,Bosnia and Herzegovina,BIH,49.239,51.71020293898334,-2.471202938983346,2.471202938983346
Random Forest,2019,Belarus,BLR,75.141,71.84426193189726,3.2967380681027407,3.2967380681027407
Random Forest,2019,Switzerland,CHE,80.225,78.06724822869299,2.157751771307005,2.157751771307005
Random Forest,2019,Cyprus,CYP,71.806,70.4765239854653,1.3294760145346913,1.3294760145346913
Random Forest,2019,Czechia,CZE,69.6,68.7039868997573,0.8960131002426976,0.8960131002426976
Random Forest,2019,Germany,DEU,74.844,74.79015778376163,0.05384221623836538,0.05384221623836538
Random Forest,2019,Denmark,DNK,76.059,75.90052800537643,0.15847199462356798,0.15847199462356798
Random Forest,2019,Spain,ESP,68.728,69.32034330469025,-0.5923433046902602,0.5923433046902602
Random Forest,2019,Estonia,EST,75.479,73.09314757739858,2.385852422601417,2.385852422601417
Random Forest,2019,Finland,FIN,76.474,74.68541479141656,1.7885852085834415,1.7885852085834415
Random Forest,2019,France,FRA,68.195,67.4524513600551,0.7425486399449,0.7425486399449
Random Forest,2019,United Kingdom,GBR,73.52,73.00264443725253,0.5173555627474684,0.5173555627474684
Random Forest,2019,Greece,GRC,59.523,61.29490858635572,-1.771908586355714,1.771908586355714
Random Forest,2019,Croatia,HRV,61.551,68.85154960838098,-7.300549608380976,7.300549608380976
Random Forest,2019,Hungary,HUN,69.222,67.82151171479339,1.400488285206606,1.400488285206606
Random Forest,2019,Ireland,IRL,67.408,67.63290608811806,-0.22490608811806112,0.22490608811806112
Random Forest,2019,Iceland,ISL,84.479,81.67590557587312,2.8030944241268827,2.8030944241268827
Random Forest,2019,Italy,ITA,56.474,58.455736095668335,-1.9817360956683387,1.9817360956683387
Random Forest,2019,Lithuania,LTU,76.903,72.93832281191303,3.9646771880869807,3.9646771880869807
Random Forest,2019,Luxembourg,LUX,67.44,65.91925091798944,1.5207490820105534,1.5207490820105534
Random Forest,2019,Latvia,LVA,75.117,73.2904586021721,1.82654139782791,1.82654139782791
Random Forest,2019,Moldova,MDA,71.158,68.44187531830204,2.7161246816979627,2.7161246816979627
Random Forest,2019,North Macedonia,MKD,53.783,57.100910233761255,-3.3179102337612534,3.3179102337612534
Random Forest,2019,Malta,MLT,63.806,61.513353339826814,2.292646660173183,2.292646660173183
Random Forest,2019,Montenegro,MNE,58.844,59.81288228124737,-0.9688822812473674,0.9688822812473674
Random Forest,2019,Netherlands,NLD,79.472,78.88191039448047,0.5900896055195233,0.5900896055195233
Random Forest,2019,Norway,NOR,77.547,77.52130380176858,0.025696198231415224,0.025696198231415224
Random Forest,2019,Poland,POL,64.207,66.23770346537711,-2.0307034653771154,2.0307034653771154
Random Forest,2019,Portugal,PRT,72.804,68.59195108728358,4.212048912716426,4.212048912716426
Random Forest,2019,Romania,ROU,53.648,63.770750205344555,-10.122750205344552,10.122750205344552
Random Forest,2019,Russian Federation,RUS,68.955,69.9212352868823,-0.966235286882295,0.966235286882295
Random Forest,2019,Serbia,SRB,61.166,59.77255453737375,1.3934454626262465,1.3934454626262465
Random Forest,2019,Slovak Republic,SVK,66.42,66.64417196517934,-0.22417196517933746,0.22417196517933746
Random Forest,2019,Slovenia,SVN,72.119,72.01981566569667,0.09918433430333096,0.09918433430333096
Random Forest,2019,Sweden,SWE,81.157,79.27375519168652,1.8832448083134778,1.8832448083134778
Random Forest,2019,Turkiye,TUR,38.369,53.33663295376701,-14.967632953767009,14.967632953767009
Random Forest,2019,Ukraine,UKR,62.889,63.39952679855843,-0.5105267985584305,0.5105267985584305
Random Forest,2020,Albania,ALB,61.474,57.78153523368017,3.69246476631983,3.69246476631983
Random Forest,2020,Austria,AUT,72.424,71.11038443427033,1.3136155657296769,1.3136155657296769
Random Forest,2020,Belgium,BEL,64.484,66.1733444740861,-1.6893444740860986,1.6893444740860986
Random Forest,2020,Bulgaria,BGR,67.883,70.80330327222318,-2.9203032722231796,2.9203032722231796
Random Forest,2020,Bosnia and Herzegovina,BIH,48.233,55.47102582359349,-7.238025823593496,7.238025823593496
Random Forest,2020,Belarus,BLR,75.108,71.32537153982173,3.782628460178273,3.782628460178273
Random Forest,2020,Switzerland,CHE,80.032,78.03490405286789,1.9970959471321095,1.9970959471321095
Random Forest,2020,Cyprus,CYP,70.645,70.25463753657849,0.3903624634215106,0.3903624634215106
Random Forest,2020,Czechia,CZE,68.982,68.79258207803773,0.18941792196227425,0.18941792196227425
Random Forest,2020,Germany,DEU,74.325,74.70123926510227,-0.3762392651022708,0.3762392651022708
Random Forest,2020,Denmark,DNK,76.049,75.25907039153022,0.7899296084697909,0.7899296084697909
Random Forest,2020,Spain,ESP,67.353,68.89401832747762,-1.5410183274776301,1.5410183274776301
Random Forest,2020,Estonia,EST,75.784,71.92638438577656,3.857615614223448,3.857615614223448
Random Forest,2020,Finland,FIN,76.429,74.52763089589656,1.9013691041034377,1.9013691041034377
Random Forest,2020,France,FRA,67.685,67.64085973884622,0.04414026115378533,0.04414026115378533
Random Forest,2020,United Kingdom,GBR,73.987,71.53029543801344,2.4567045619865553,2.4567045619865553
Random Forest,2020,Greece,GRC,58.589,61.91076316010043,-3.3217631601004314,3.3217631601004314
Random Forest,2020,Croatia,HRV,61.798,69.60168145251939,-7.803681452519385,7.803681452519385
Random Forest,2020,Hungary,HUN,69.631,67.62803111735774,2.0029688826422642,2.0029688826422642
Random Forest,2020,Ireland,IRL,66.199,67.54931953158544,-1.3503195315854413,1.3503195315854413
Random Forest,2020,Iceland,ISL,82.175,81.12998070124307,1.0450192987569267,1.0450192987569267
Random Forest,2020,Italy,ITA,54.618,62.8636437026838,-8.2456437026838,8.2456437026838
Random Forest,2020,Lithuania,LTU,77.184,71.28008156621802,5.903918433781982,5.903918433781982
Random Forest,2020,Luxembourg,LUX,68.648,72.33237244841264,-3.6843724484126454,3.6843724484126454
Random Forest,2020,Latvia,LVA,75.628,72.07851545308955,3.549484546910449,3.549484546910449
Random Forest,2020,Moldova,MDA,70.793,67.6166750114237,3.1763249885763116,3.1763249885763116
Random Forest,2020,North Macedonia,MKD,53.005,59.58046697030317,-6.575466970303168,6.575466970303168
Random Forest,2020,Malta,MLT,66.046,61.29724230753966,4.7487576924603445,4.7487576924603445
Random Forest,2020,Montenegro,MNE,54.423,58.833583981506244,-4.410583981506242,4.410583981506242
Random Forest,2020,Netherlands,NLD,79.835,80.36905548232318,-0.5340554823231827,0.5340554823231827
Random Forest,2020,Norway,NOR,77.784,76.72796198662697,1.0560380133730405,1.0560380133730405
Random Forest,2020,Poland,POL,64.321,66.34715094058004,-2.026150940580038,2.026150940580038
Random Forest,2020,Portugal,PRT,71.614,68.54224365004737,3.0717563499526364,3.0717563499526364
Random Forest,2020,Romania,ROU,54.281,65.59960821291655,-11.318608212916551,11.318608212916551
Random Forest,2020,Russian Federation,RUS,69.29,66.99199199119725,2.2980080088027535,2.2980080088027535
Random Forest,2020,Serbia,SRB,60.625,59.77647092418831,0.8485290758116903,0.8485290758116903
Random Forest,2020,Slovak Republic,SVK,66.442,67.33697672348622,-0.8949767234862236,0.8949767234862236
Random Forest,2020,Slovenia,SVN,71.928,71.22487502492041,0.7031249750795894,0.7031249750795894
Random Forest,2020,Sweden,SWE,80.302,78.82055993098425,1.4814400690157612,1.4814400690157612
Random Forest,2020,Turkiye,TUR,34.745,54.40669131421673,-19.661691314216732,19.661691314216732
Random Forest,2020,Ukraine,UKR,61.911,63.78552497330893,-1.8745249733089295,1.8745249733089295
Random Forest,2021,Albania,ALB,61.652,58.16673524140625,3.4852647585937504,3.4852647585937504
Random Forest,2021,Austria,AUT,72.797,71.46481524027482,1.3321847597251804,1.3321847597251804
Random Forest,2021,Belgium,BEL,65.642,66.15019786784507,-0.5081978678450696,0.5081978678450696
Random Forest,2021,Bulgaria,BGR,67.785,70.61022155830034,-2.825221558300342,2.825221558300342
Random Forest,2021,Bosnia and Herzegovina,BIH,48.81,55.14175240745181,-6.331752407451809,6.331752407451809
Random Forest,2021,Belarus,BLR,75.717,70.96683629862768,4.7501637013723155,4.7501637013723155
Random Forest,2021,Switzerland,CHE,80.146,77.42830356697007,2.7176964330299285,2.7176964330299285
Random Forest,2021,Cyprus,CYP,71.554,70.56797527598172,0.9860247240182787,0.9860247240182787
Random Forest,2021,Czechia,CZE,69.496,69.99963030216811,-0.5036303021681192,0.5036303021681192
Random Forest,2021,Germany,DEU,74.502,74.4654387856598,0.0365612143401961,0.0365612143401961
Random Forest,2021,Denmark,DNK,76.45,76.35929151790086,0.09070848209914573,0.09070848209914573
Random Forest,2021,Spain,ESP,69.138,68.87227729800522,0.26572270199478965,0.26572270199478965
Random Forest,2021,Estonia,EST,76.712,73.40853636908894,3.303463630911068,3.303463630911068
Random Forest,2021,Finland,FIN,77.245,75.08411514190179,2.160884858098214,2.160884858098214
Random Forest,2021,France,FRA,70.004,68.12244286638571,1.8815571336142938,1.8815571336142938
Random Forest,2021,United Kingdom,GBR,73.844,71.05399749272482,2.790002507275176,2.790002507275176
Random Forest,2021,Greece,GRC,59.632,62.62453892328449,-2.992538923284492,2.992538923284492
Random Forest,2021,Croatia,HRV,64.144,70.14578292956269,-6.00178292956268,6.00178292956268
Random Forest,2021,Hungary,HUN,71.027,67.64242587297628,3.3845741270237255,3.3845741270237255
Random Forest,2021,Ireland,IRL,69.803,68.91915363259665,0.8838463674033505,0.8838463674033505
Random Forest,2021,Iceland,ISL,82.093,81.81142053505287,0.2815794649471286,0.2815794649471286
Random Forest,2021,Italy,ITA,55.356,65.46303185613156,-10.107031856131563,10.107031856131563
Random Forest,2021,Lithuania,LTU,77.207,72.45387612670669,4.753123873293305,4.753123873293305
Random Forest,2021,Luxembourg,LUX,69.647,72.56673350342707,-2.919733503427068,2.919733503427068
Random Forest,2021,Latvia,LVA,72.958,73.3477799590453,-0.38977995904529905,0.38977995904529905
Random Forest,2021,Moldova,MDA,73.218,63.814228337962895,9.403771662037109,9.403771662037109
Random Forest,2021,North Macedonia,MKD,52.288,61.63112636613235,-9.343126366132353,9.343126366132353
Random Forest,2021,Malta,MLT,67.679,64.85171979430754,2.8272802056924604,2.8272802056924604
Random Forest,2021,Montenegro,MNE,52.787,62.975408357876965,-10.188408357876966,10.188408357876966
Random Forest,2021,Netherlands,NLD,80.204,79.72499520464721,0.47900479535277896,0.47900479535277896
Random Forest,2021,Norway,NOR,77.628,77.4805869175565,0.14741308244350648,0.14741308244350648
Random Forest,2021,Poland,POL,66.711,66.32640856578354,0.38459143421646047,0.38459143421646047
Random Forest,2021,Portugal,PRT,72.328,68.69523292509201,3.6327670749079886,3.6327670749079886
Random Forest,2021,Romania,ROU,55.164,65.90656824686933,-10.742568246869325,10.742568246869325
Random Forest,2021,Russian Federation,RUS,70.346,67.51585507999378,2.8301449200062194,2.8301449200062194
Random Forest,2021,Serbia,SRB,64.198,60.386779373419174,3.8112206265808197,3.8112206265808197
Random Forest,2021,Slovak Republic,SVK,70.547,67.24909098026616,3.2979090197338365,3.2979090197338365
Random Forest,2021,Slovenia,SVN,72.494,71.7582445186653,0.7357554813347065,0.7357554813347065
Random Forest,2021,Sweden,SWE,80.51,77.5266858633912,2.9833141366088114,2.9833141366088114
Random Forest,2021,Turkiye,TUR,37.038,55.82467479257171,-18.786674792571716,18.786674792571716
Random Forest,2021,Ukraine,UKR,61.748,63.38948386217954,-1.6414838621795411,1.6414838621795411
Random Forest,2022,Albania,ALB,67.298,58.53714138952112,8.760858610478884,8.760858610478884
Random Forest,2022,Austria,AUT,73.535,71.74345803189064,1.7915419681093567,1.7915419681093567
Random Forest,2022,Belgium,BEL,66.753,67.70252076322751,-0.9495207632275111,0.9495207632275111
Random Forest,2022,Bulgaria,BGR,70.032,71.9196744032834,-1.8876744032833983,1.8876744032833983
Random Forest,2022,Bosnia and Herzegovina,BIH,50.706,55.60055633385925,-4.894556333859249,4.894556333859249
Random Forest,2022,Belarus,BLR,76.072,70.13253963272537,5.939460367274634,5.939460367274634
Random Forest,2022,Switzerland,CHE,79.733,76.19227698621152,3.5407230137884795,3.5407230137884795
Random Forest,2022,Cyprus,CYP,73.577,70.46663129912987,3.1103687008701257,3.1103687008701257
Random Forest,2022,Czechia,CZE,70.111,70.49534634254363,-0.38434634254362265,0.38434634254362265
Random Forest,2022,Germany,DEU,75.311,74.80419255793682,0.5068074420631916,0.5068074420631916
Random Forest,2022,Denmark,DNK,78.018,76.71141624377394,1.3065837562260612,1.3065837562260612
Random Forest,2022,Spain,ESP,69.524,69.10594966677436,0.41805033322563645,0.41805033322563645
Random Forest,2022,Estonia,EST,79.503,72.3925399043835,7.110460095616503,7.110460095616503
Random Forest,2022,Finland,FIN,78.93,74.86665875824991,4.063341241750095,4.063341241750095
Random Forest,2022,France,FRA,70.609,69.08759802710534,1.521401972894651,1.521401972894651
Random Forest,2022,United Kingdom,GBR,73.498,71.28570238537156,2.21229761462844,2.21229761462844
Random Forest,2022,Greece,GRC,61.55,63.45666339875273,-1.906663398752734,1.906663398752734
Random Forest,2022,Croatia,HRV,65.891,70.3901377788949,-4.499137778894891,4.499137778894891
Random Forest,2022,Hungary,HUN,72.304,67.92762625211563,4.376373747884372,4.376373747884372
Random Forest,2022,Ireland,IRL,71.698,69.3869151146193,2.3110848853806942,2.3110848853806942
Random Forest,2022,Iceland,ISL,84.045,70.30093689297739,13.744063107022612,13.744063107022612
Random Forest,2022,Italy,ITA,56.419,68.27437888573459,-11.855378885734595,11.855378885734595
Random Forest,2022,Lithuania,LTU,77.482,72.43594522801935,5.04605477198065,5.04605477198065
Random Forest,2022,Luxembourg,LUX,70.035,72.8807013769841,-2.8457013769841097,2.8457013769841097
Random Forest,2022,Latvia,LVA,74.436,72.94607615610877,1.4899238438912334,1.4899238438912334
Random Forest,2022,Moldova,MDA,73.822,62.68286517923277,11.139134820767232,11.139134820767232
Random Forest,2022,North Macedonia,MKD,54.175,63.80081606428327,-9.62581606428327,9.62581606428327
Random Forest,2022,Malta,MLT,71.819,67.3181854392506,4.500814560749404,4.500814560749404
Random Forest,2022,Montenegro,MNE,61.514,64.75360703157378,-3.239607031573776,3.239607031573776
Random Forest,2022,Netherlands,NLD,81.134,78.40012194538792,2.7338780546120773,2.7338780546120773
Random Forest,2022,Norway,NOR,77.781,76.83427551519954,0.9467244848004697,0.9467244848004697
Random Forest,2022,Poland,POL,68.076,66.55688429838429,1.5191157016157035,1.5191157016157035
Random Forest,2022,Portugal,PRT,73.882,69.65094415592488,4.231055844075129,4.231055844075129
Random Forest,2022,Romania,ROU,56.909,66.31100446261974,-9.402004462619736,9.402004462619736
Random Forest,2022,Russian Federation,RUS,71.036,66.82372817811532,4.212271821884684,4.212271821884684
Random Forest,2022,Serbia,SRB,65.81,61.131076034953004,4.678923965046998,4.678923965046998
Random Forest,2022,Slovak Republic,SVK,72.247,67.46649502509064,4.780504974909363,4.780504974909363
Random Forest,2022,Slovenia,SVN,73.402,71.22620127834819,2.175798721651816,2.175798721651816
Random Forest,2022,Sweden,SWE,81.145,78.04241061557791,3.102589384422089,3.102589384422089
Random Forest,2022,Turkiye,TUR,39.734,57.97165284073186,-18.23765284073186,18.23765284073186
Random Forest,2023,Albania,ALB,70.046,58.26405335302208,11.781946646977929,11.781946646977929
Random Forest,2023,Austria,AUT,73.97,71.36710896873048,2.6028910312695217,2.6028910312695217
Random Forest,2023,Belgium,BEL,66.685,66.72364952423041,-0.038649524230407906,0.038649524230407906
Random Forest,2023,Bulgaria,BGR,70.473,71.63658079516696,-1.1635807951669648,1.1635807951669648
Random Forest,2023,Bosnia and Herzegovina,BIH,52.057,56.29314749395751,-4.23614749395751,4.23614749395751
Random Forest,2023,Belarus,BLR,76.065,69.84774883921258,6.217251160787413,6.217251160787413
Random Forest,2023,Switzerland,CHE,80.35,76.02740880873819,4.322591191261807,4.322591191261807
Random Forest,2023,Cyprus,CYP,75.172,70.68691523247246,4.485084767527539,4.485084767527539
Random Forest,2023,Czechia,CZE,71.231,69.57656726082317,1.6544327391768263,1.6544327391768263
Random Forest,2023,Germany,DEU,75.898,72.96855693986461,2.929443060135384,2.929443060135384
Random Forest,2023,Denmark,DNK,78.403,76.42489107498469,1.97810892501532,1.97810892501532
Random Forest,2023,Spain,ESP,70.439,69.24144194046359,1.197558059536405,1.197558059536405
Random Forest,2023,Estonia,EST,80.904,70.88890652834213,10.015093471657863,10.015093471657863
Random Forest,2023,Finland,FIN,79.251,74.74352818772321,4.5074718122767905,4.5074718122767905
Random Forest,2023,France,FRA,71.148,68.73389391295103,2.414106087048964,2.414106087048964
Random Forest,2023,United Kingdom,GBR,73.435,69.93547189707537,3.4995281029246286,3.4995281029246286
Random Forest,2023,Greece,GRC,61.905,62.32870512036785,-0.423705120367849,0.423705120367849
Random Forest,2023,Croatia,HRV,66.351,71.23751436441088,-4.8865143644108855,4.8865143644108855
Random Forest,2023,Hungary,HUN,73.612,67.661590359003,5.950409640996995,5.950409640996995
Random Forest,2023,Ireland,IRL,73.009,66.94715973710187,6.06184026289813,6.06184026289813
Random Forest,2023,Iceland,ISL,83.857,70.45832233146943,13.398677668530567,13.398677668530567
Random Forest,2023,Italy,ITA,57.609,68.12859428844762,-10.519594288447614,10.519594288447614
Random Forest,2023,Lithuania,LTU,77.068,71.83793185525656,5.230068144743441,5.230068144743441
Random Forest,2023,Luxembourg,LUX,70.49,72.57785296969695,-2.0878529696969537,2.0878529696969537
Random Forest,2023,Latvia,LVA,74.372,72.7394746636244,1.6325253363755934,1.6325253363755934
Random Forest,2023,Moldova,MDA,72.727,62.23076717129629,10.496232828703711,10.496232828703711
Random Forest,2023,North Macedonia,MKD,54.488,65.21627069359542,-10.72827069359542,10.72827069359542
Random Forest,2023,Malta,MLT,72.35,67.15505965506253,5.194940344937464,5.194940344937464
Random Forest,2023,Montenegro,MNE,65.528,64.2234953441214,1.3045046558786026,1.3045046558786026
Random Forest,2023,Netherlands,NLD,81.944,78.40807654834053,3.535923451659471,3.535923451659471
Random Forest,2023,Norway,NOR,78.067,76.67898656270188,1.3880134372981132,1.3880134372981132
Random Forest,2023,Poland,POL,69.439,68.68004114266267,0.7589588573373192,0.7589588573373192
Random Forest,2023,Portugal,PRT,75.315,70.3154447165562,4.999555283443797,4.999555283443797
Random Forest,2023,Romania,ROU,57.11,66.32252430018038,-9.212524300180377,9.212524300180377
Random Forest,2023,Russian Federation,RUS,71.705,70.49152336221896,1.2134766377810422,1.2134766377810422
Random Forest,2023,Serbia,SRB,67.276,61.588747089185745,5.6872529108142515,5.6872529108142515
Random Forest,2023,Slovak Republic,SVK,72.702,67.13002157457846,5.571978425421534,5.571978425421534
Random Forest,2023,Slovenia,SVN,72.49,71.52986163657334,0.9601383634266512,0.9601383634266512
Random Forest,2023,Sweden,SWE,82.187,77.72959592726,4.457404072740005,4.457404072740005
Random Forest,2023,Turkiye,TUR,40.694,58.880496706803314,-18.18649670680331,18.18649670680331
Gradient Boosting,2019,Albania,ALB,61.902,57.830791240736716,4.0712087592632855,4.0712087592632855
Gradient Boosting,2019,Austria,AUT,72.485,73.22450169597502,-0.7395016959750222,0.7395016959750222
Gradient Boosting,2019,Belgium,BEL,64.907,70.62763359892985,-5.720633598929851,5.720633598929851
Gradient Boosting,2019,Bulgaria,BGR,69.01,70.57204735975435,-1.5620473597543452,1.5620473597543452
Gradient Boosting,2019,Bosnia and Herzegovina,BIH,49.239,51.7894412905712,-2.5504412905712,2.5504412905712
Gradient Boosting,2019,Belarus,BLR,75.141,73.09407720773919,2.0469227922608155,2.0469227922608155
Gradient Boosting,2019,Switzerland,CHE,80.225,78.66430734302277,1.5606926569772241,1.5606926569772241
Gradient Boosting,2019,Cyprus,CYP,71.806,71.12195860589739,0.6840413941026071,0.6840413941026071
Gradient Boosting,2019,Czechia,CZE,69.6,68.8236727177779,0.7763272822220983,0.7763272822220983
Gradient Boosting,2019,Germany,DEU,74.844,75.21404807320782,-0.3700480732078262,0.3700480732078262
Gradient Boosting,2019,Denmark,DNK,76.059,76.09233195210322,-0.03333195210322515,0.03333195210322515
Gradient Boosting,2019,Spain,ESP,68.728,73.33362368291924,-4.605623682919244,4.605623682919244
Gradient Boosting,2019,Estonia,EST,75.479,74.0431278067608,1.4358721932392058,1.4358721932392058
Gradient Boosting,2019,Finland,FIN,76.474,77.85529439275689,-1.3812943927568853,1.3812943927568853
Gradient Boosting,2019,France,FRA,68.195,68.02570656445378,0.16929343554620857,0.16929343554620857
Gradient Boosting,2019,United Kingdom,GBR,73.52,74.8964918094342,-1.3764918094341994,1.3764918094341994
Gradient Boosting,2019,Greece,GRC,59.523,61.03927841076893,-1.5162784107689262,1.5162784107689262
Gradient Boosting,2019,Croatia,HRV,61.551,68.9362971922424,-7.385297192242405,7.385297192242405
Gradient Boosting,2019,Hungary,HUN,69.222,67.68759448338945,1.5344055166105477,1.5344055166105477
Gradient Boosting,2019,Ireland,IRL,67.408,67.42332990425005,-0.015329904250052095,0.015329904250052095
Gradient Boosting,2019,Iceland,ISL,84.479,82.71831753434194,1.7606824656580642,1.7606824656580642
Gradient Boosting,2019,Italy,ITA,56.474,57.346075143305285,-0.8720751433052882,0.8720751433052882
Gradient Boosting,2019,Lithuania,LTU,76.903,73.50306694549806,3.3999330545019433,3.3999330545019433
Gradient Boosting,2019,Luxembourg,LUX,67.44,66.42577045367142,1.014229546328579,1.014229546328579
Gradient Boosting,2019,Latvia,LVA,75.117,74.66188968799342,0.4551103120065818,0.4551103120065818
Gradient Boosting,2019,Moldova,MDA,71.158,69.24247163327247,1.9155283667275285,1.9155283667275285
Gradient Boosting,2019,North Macedonia,MKD,53.783,59.80398594305462,-6.020985943054619,6.020985943054619
Gradient Boosting,2019,Malta,MLT,63.806,58.5897274345544,5.2162725654456,5.2162725654456
Gradient Boosting,2019,Montenegro,MNE,58.844,57.97902792246139,0.86497207753861,0.86497207753861
Gradient Boosting,2019,Netherlands,NLD,79.472,79.44131196550659,0.030688034493408622,0.030688034493408622
Gradient Boosting,2019,Norway,NOR,77.547,77.33679805869897,0.21020194130102254,0.21020194130102254
Gradient Boosting,2019,Poland,POL,64.207,65.77592223623326,-1.5689222362332629,1.5689222362332629
Gradient Boosting,2019,Portugal,PRT,72.804,68.64099992299067,4.163000077009329,4.163000077009329
Gradient Boosting,2019,Romania,ROU,53.648,62.15912077345563,-8.51112077345563,8.51112077345563
Gradient Boosting,2019,Russian Federation,RUS,68.955,70.18083392999051,-1.2258339299905145,1.2258339299905145
Gradient Boosting,2019,Serbia,SRB,61.166,60.79385103308648,0.37214896691351385,0.37214896691351385
Gradient Boosting,2019,Slovak Republic,SVK,66.42,66.9167649858329,-0.49676498583289685,0.49676498583289685
Gradient Boosting,2019,Slovenia,SVN,72.119,71.40509235691461,0.7139076430853919,0.7139076430853919
Gradient Boosting,2019,Sweden,SWE,81.157,78.44492271145765,2.7120772885423463,2.7120772885423463
Gradient Boosting,2019,Turkiye,TUR,38.369,46.973034483937965,-8.604034483937966,8.604034483937966
Gradient Boosting,2019,Ukraine,UKR,62.889,64.521597353309,-1.6325973533090021,1.6325973533090021
Gradient Boosting,2020,Albania,ALB,61.474,59.025142840255484,2.448857159744513,2.448857159744513
Gradient Boosting,2020,Austria,AUT,72.424,73.55071145035656,-1.1267114503565523,1.1267114503565523
Gradient Boosting,2020,Belgium,BEL,64.484,68.23479129304148,-3.7507912930414875,3.7507912930414875
Gradient Boosting,2020,Bulgaria,BGR,67.883,70.72047097813679,-2.8374709781367926,2.8374709781367926
Gradient Boosting,2020,Bosnia and Herzegovina,BIH,48.233,53.688180816007375,-5.455180816007378,5.455180816007378
Gradient Boosting,2020,Belarus,BLR,75.108,72.9254402022599,2.1825597977400975,2.1825597977400975
Gradient Boosting,2020,Switzerland,CHE,80.032,77.9206005697849,2.1113994302151013,2.1113994302151013
Gradient Boosting,2020,Cyprus,CYP,70.645,71.46623774619965,-0.8212377461996567,0.8212377461996567
Gradient Boosting,2020,Czechia,CZE,68.982,69.17463994837644,-0.1926399483764385,0.1926399483764385
Gradient Boosting,2020,Germany,DEU,74.325,75.62104841139245,-1.296048411392448,1.296048411392448
Gradient Boosting,2020,Denmark,DNK,76.049,75.4372282287359,0.6117717712641024,0.6117717712641024
Gradient Boosting,2020,Spain,ESP,67.353,72.763002776512,-5.410002776512002,5.410002776512002
Gradient Boosting,2020,Estonia,EST,75.784,73.24049576199063,2.543504238009376,2.543504238009376
Gradient Boosting,2020,Finland,FIN,76.429,76.44903041216688,-0.020030412166875067,0.020030412166875067
Gradient Boosting,2020,France,FRA,67.685,68.26349981527075,-0.5784998152707459,0.5784998152707459
Gradient Boosting,2020,United Kingdom,GBR,73.987,73.34011208757887,0.6468879124211213,0.6468879124211213
Gradient Boosting,2020,Greece,GRC,58.589,62.95323989617973,-4.364239896179733,4.364239896179733
Gradient Boosting,2020,Croatia,HRV,61.798,70.52185205320477,-8.723852053204766,8.723852053204766
Gradient Boosting,2020,Hungary,HUN,69.631,67.20761874347694,2.423381256523058,2.423381256523058
Gradient Boosting,2020,Ireland,IRL,66.199,68.60054228918395,-2.4015422891839506,2.4015422891839506
Gradient Boosting,2020,Iceland,ISL,82.175,80.44880519148039,1.7261948085196082,1.7261948085196082
Gradient Boosting,2020,Italy,ITA,54.618,63.356033125161474,-8.738033125161472,8.738033125161472
Gradient Boosting,2020,Lithuania,LTU,77.184,72.69602416168894,4.487975838311058,4.487975838311058
Gradient Boosting,2020,Luxembourg,LUX,68.648,73.40054784372329,-4.752547843723292,4.752547843723292
Gradient Boosting,2020,Latvia,LVA,75.628,73.99723866660587,1.6307613333941333,1.6307613333941333
Gradient Boosting,2020,Moldova,MDA,70.793,66.55791386242916,4.235086137570846,4.235086137570846
Gradient Boosting,2020,North Macedonia,MKD,53.005,63.38196700562985,-10.37696700562985,10.37696700562985
Gradient Boosting,2020,Malta,MLT,66.046,60.567032067216665,5.478967932783341,5.478967932783341
Gradient Boosting,2020,Montenegro,MNE,54.423,57.703467333328014,-3.280467333328012,3.280467333328012
Gradient Boosting,2020,Netherlands,NLD,79.835,79.58270177094325,0.25229822905674837,0.25229822905674837
Gradient Boosting,2020,Norway,NOR,77.784,76.67318153388813,1.1108184661118798,1.1108184661118798
Gradient Boosting,2020,Poland,POL,64.321,66.57432359139526,-2.253323591395258,2.253323591395258
Gradient Boosting,2020,Portugal,PRT,71.614,69.98440997256954,1.629590027430467,1.629590027430467
Gradient Boosting,2020,Romania,ROU,54.281,62.68430230214071,-8.403302302140709,8.403302302140709
Gradient Boosting,2020,Russian Federation,RUS,69.29,67.86707528454794,1.4229247154520692,1.4229247154520692
Gradient Boosting,2020,Serbia,SRB,60.625,60.53550491233355,0.08949508766644954,0.08949508766644954
Gradient Boosting,2020,Slovak Republic,SVK,66.442,67.84630438245252,-1.4043043824525228,1.4043043824525228
Gradient Boosting,2020,Slovenia,SVN,71.928,70.7704488067959,1.1575511932040996,1.1575511932040996
Gradient Boosting,2020,Sweden,SWE,80.302,77.6387135786683,2.663286421331705,2.663286421331705
Gradient Boosting,2020,Turkiye,TUR,34.745,47.74454237376995,-12.999542373769955,12.999542373769955
Gradient Boosting,2020,Ukraine,UKR,61.911,65.20025898605668,-3.28925898605668,3.28925898605668
Gradient Boosting,2021,Albania,ALB,61.652,59.69821215738506,1.9537878426149433,1.9537878426149433
Gradient Boosting,2021,Austria,AUT,72.797,73.53033163559014,-0.7333316355901474,0.7333316355901474
Gradient Boosting,2021,Belgium,BEL,65.642,69.47557357463221,-3.8335735746322115,3.8335735746322115
Gradient Boosting,2021,Bulgaria,BGR,67.785,70.66394644726965,-2.878946447269655,2.878946447269655
Gradient Boosting,2021,Bosnia and Herzegovina,BIH,48.81,53.25117603464315,-4.441176034643149,4.441176034643149
Gradient Boosting,2021,Belarus,BLR,75.717,73.80012173619397,1.9168782638060264,1.9168782638060264
Gradient Boosting,2021,Switzerland,CHE,80.146,76.64483544001187,3.5011645599881263,3.5011645599881263
Gradient Boosting,2021,Cyprus,CYP,71.554,70.99631078557881,0.5576892144211882,0.5576892144211882
Gradient Boosting,2021,Czechia,CZE,69.496,69.98544542401191,-0.4894454240119188,0.4894454240119188
Gradient Boosting,2021,Germany,DEU,74.502,76.58298977806058,-2.0809897780605837,2.0809897780605837
Gradient Boosting,2021,Denmark,DNK,76.45,75.84609743803415,0.6039025619658531,0.6039025619658531
Gradient Boosting,2021,Spain,ESP,69.138,70.0310866939364,-0.8930866939363966,0.8930866939363966
Gradient Boosting,2021,Estonia,EST,76.712,73.52187301116601,3.1901269888339954,3.1901269888339954
Gradient Boosting,2021,Finland,FIN,77.245,76.30966009950055,0.9353399004994571,0.9353399004994571
Gradient Boosting,2021,France,FRA,70.004,68.33352544198118,1.6704745580188245,1.6704745580188245
Gradient Boosting,2021,United Kingdom,GBR,73.844,74.91037857995538,-1.0663785799553835,1.0663785799553835
Gradient Boosting,2021,Greece,GRC,59.632,60.66477693429777,-1.0327769342977717,1.0327769342977717
Gradient Boosting,2021,Croatia,HRV,64.144,68.81564313726538,-4.671643137265377,4.671643137265377
Gradient Boosting,2021,Hungary,HUN,71.027,66.75019396533652,4.27680603466348,4.27680603466348
Gradient Boosting,2021,Ireland,IRL,69.803,67.32090420789238,2.4820957921076143,2.4820957921076143
Gradient Boosting,2021,Iceland,ISL,82.093,81.70090861703768,0.39209138296232027,0.39209138296232027
Gradient Boosting,2021,Italy,ITA,55.356,61.10172118397062,-5.745721183970616,5.745721183970616
Gradient Boosting,2021,Lithuania,LTU,77.207,72.90405654817994,4.302943451820056,4.302943451820056
Gradient Boosting,2021,Luxembourg,LUX,69.647,73.86355576541831,-4.216555765418306,4.216555765418306
Gradient Boosting,2021,Latvia,LVA,72.958,74.62161338516206,-1.6636133851620656,1.6636133851620656
Gradient Boosting,2021,Moldova,MDA,73.218,64.7298704891648,8.488129510835208,8.488129510835208
Gradient Boosting,2021,North Macedonia,MKD,52.288,63.692629689580414,-11.404629689580418,11.404629689580418
Gradient Boosting,2021,Malta,MLT,67.679,61.32455061685046,6.354449383149543,6.354449383149543
Gradient Boosting,2021,Montenegro,MNE,52.787,61.45067979331759,-8.663679793317591,8.663679793317591
Gradient Boosting,2021,Netherlands,NLD,80.204,79.48057903514724,0.7234209648527496,0.7234209648527496
Gradient Boosting,2021,Norway,NOR,77.628,78.36782080588502,-0.7398208058850173,0.7398208058850173
Gradient Boosting,2021,Poland,POL,66.711,67.50753155513611,-0.796531555136113,0.796531555136113
Gradient Boosting,2021,Portugal,PRT,72.328,70.31579933814494,2.0122006618550614,2.0122006618550614
Gradient Boosting,2021,Romania,ROU,55.164,63.09439198912444,-7.930391989124438,7.930391989124438
Gradient Boosting,2021,Russian Federation,RUS,70.346,68.60407910888547,1.7419208911145319,1.7419208911145319
Gradient Boosting,2021,Serbia,SRB,64.198,60.67140183982594,3.5265981601740535,3.5265981601740535
Gradient Boosting,2021,Slovak Republic,SVK,70.547,67.5104778546286,3.036522145371393,3.036522145371393
Gradient Boosting,2021,Slovenia,SVN,72.494,71.30257387650241,1.1914261234975925,1.1914261234975925
Gradient Boosting,2021,Sweden,SWE,80.51,77.08056740819977,3.4294325918002357,3.4294325918002357
Gradient Boosting,2021,Turkiye,TUR,37.038,49.99987727595404,-12.961877275954045,12.961877275954045
Gradient Boosting,2021,Ukraine,UKR,61.748,65.00885765781871,-3.260857657818711,3.260857657818711
Gradient Boosting,2022,Albania,ALB,67.298,59.63606542660036,7.661934573399641,7.661934573399641
Gradient Boosting,2022,Austria,AUT,73.535,74.82440777900979,-1.2894077790097924,1.2894077790097924
Gradient Boosting,2022,Belgium,BEL,66.753,70.9141819952891,-4.161181995289098,4.161181995289098
Gradient Boosting,2022,Bulgaria,BGR,70.032,73.56788802292519,-3.5358880229251923,3.5358880229251923
Gradient Boosting,2022,Bosnia and Herzegovina,BIH,50.706,55.05576752035865,-4.349767520358647,4.349767520358647
Gradient Boosting,2022,Belarus,BLR,76.072,71.82603597826346,4.24596402173654,4.24596402173654
Gradient Boosting,2022,Switzerland,CHE,79.733,76.42454428449601,3.308455715503996,3.308455715503996
Gradient Boosting,2022,Cyprus,CYP,73.577,71.19208169940951,2.384918300590485,2.384918300590485
Gradient Boosting,2022,Czechia,CZE,70.111,71.67720681697651,-1.5662068169765035,1.5662068169765035
Gradient Boosting,2022,Germany,DEU,75.311,78.20236030731114,-2.891360307311132,2.891360307311132
Gradient Boosting,2022,Denmark,DNK,78.018,78.26048222919707,-0.24248222919706564,0.24248222919706564
Gradient Boosting,2022,Spain,ESP,69.524,71.59249246743735,-2.068492467437352,2.068492467437352
Gradient Boosting,2022,Estonia,EST,79.503,74.3137220011447,5.189277998855303,5.189277998855303
Gradient Boosting,2022,Finland,FIN,78.93,77.91090004712446,1.0190999528755498,1.0190999528755498
Gradient Boosting,2022,France,FRA,70.609,68.62338946913015,1.9856105308698488,1.9856105308698488
Gradient Boosting,2022,United Kingdom,GBR,73.498,74.41750360321736,-0.9195036032173505,0.9195036032173505
Gradient Boosting,2022,Greece,GRC,61.55,62.52105661796474,-0.9710566179647415,0.9710566179647415
Gradient Boosting,2022,Croatia,HRV,65.891,71.04926962234345,-5.15826962234344,5.15826962234344
Gradient Boosting,2022,Hungary,HUN,72.304,68.10664879496794,4.197351205032064,4.197351205032064
Gradient Boosting,2022,Ireland,IRL,71.698,66.68759743279392,5.0104025672060715,5.0104025672060715
Gradient Boosting,2022,Iceland,ISL,84.045,74.34261497604857,9.702385023951436,9.702385023951436
Gradient Boosting,2022,Italy,ITA,56.419,65.57709648435541,-9.158096484355411,9.158096484355411
Gradient Boosting,2022,Lithuania,LTU,77.482,73.81791053581635,3.664089464183647,3.664089464183647
Gradient Boosting,2022,Luxembourg,LUX,70.035,74.14569597617589,-4.11069597617589,4.11069597617589
Gradient Boosting,2022,Latvia,LVA,74.436,75.26759782879017,-0.8315978287901657,0.8315978287901657
Gradient Boosting,2022,Moldova,MDA,73.822,62.837450253171596,10.984549746828407,10.984549746828407
Gradient Boosting,2022,North Macedonia,MKD,54.175,64.43675580541623,-10.261755805416229,10.261755805416229
Gradient Boosting,2022,Malta,MLT,71.819,68.84779415279814,2.9712058472018583,2.9712058472018583
Gradient Boosting,2022,Montenegro,MNE,61.514,62.81105003468463,-1.2970500346846237,1.2970500346846237
Gradient Boosting,2022,Netherlands,NLD,81.134,77.62258317908402,3.511416820915983,3.511416820915983
Gradient Boosting,2022,Norway,NOR,77.781,79.24194920407484,-1.4609492040748364,1.4609492040748364
Gradient Boosting,2022,Poland,POL,68.076,68.5122979305665,-0.43629793056651067,0.43629793056651067
Gradient Boosting,2022,Portugal,PRT,73.882,71.0340924253183,2.847907574681699,2.847907574681699
Gradient Boosting,2022,Romania,ROU,56.909,63.877402398019434,-6.968402398019435,6.968402398019435
Gradient Boosting,2022,Russian Federation,RUS,71.036,68.90899068356374,2.127009316436258,2.127009316436258
Gradient Boosting,2022,Serbia,SRB,65.81,61.54566559716576,4.264334402834244,4.264334402834244
Gradient Boosting,2022,Slovak Republic,SVK,72.247,68.46641300518289,3.7805869948171136,3.7805869948171136
Gradient Boosting,2022,Slovenia,SVN,73.402,72.41110527031361,0.9908947296863886,0.9908947296863886
Gradient Boosting,2022,Sweden,SWE,81.145,77.62982605569468,3.5151739443053174,3.5151739443053174
Gradient Boosting,2022,Turkiye,TUR,39.734,53.83631592534066,-14.102315925340655,14.102315925340655
Gradient Boosting,2023,Albania,ALB,70.046,58.90624110617013,11.139758893829878,11.139758893829878
Gradient Boosting,2023,Austria,AUT,73.97,74.6545524219397,-0.6845524219396992,0.6845524219396992
Gradient Boosting,2023,Belgium,BEL,66.685,71.1043122810994,-4.419312281099394,4.419312281099394
Gradient Boosting,2023,Bulgaria,BGR,70.473,72.79411342589964,-2.3211134258996395,2.3211134258996395
Gradient Boosting,2023,Bosnia and Herzegovina,BIH,52.057,57.01018117423909,-4.953181174239084,4.953181174239084
Gradient Boosting,2023,Belarus,BLR,76.065,72.49526162423491,3.569738375765084,3.569738375765084
Gradient Boosting,2023,Switzerland,CHE,80.35,76.25435073521851,4.0956492647814855,4.0956492647814855
Gradient Boosting,2023,Cyprus,CYP,75.172,70.99095762189694,4.181042378103058,4.181042378103058
Gradient Boosting,2023,Czechia,CZE,71.231,71.54220187826732,-0.31120187826732604,0.31120187826732604
Gradient Boosting,2023,Germany,DEU,75.898,74.20538351423605,1.6926164857639492,1.6926164857639492
Gradient Boosting,2023,Denmark,DNK,78.403,77.48312780867965,0.9198721913203514,0.9198721913203514
Gradient Boosting,2023,Spain,ESP,70.439,72.30252867376426,-1.8635286737642645,1.8635286737642645
Gradient Boosting,2023,Estonia,EST,80.904,73.62437417014712,7.2796258298528755,7.2796258298528755
Gradient Boosting,2023,Finland,FIN,79.251,77.02742250055965,2.2235774994403528,2.2235774994403528
Gradient Boosting,2023,France,FRA,71.148,68.41621843295809,2.7317815670419066,2.7317815670419066
Gradient Boosting,2023,United Kingdom,GBR,73.435,72.84097140640709,0.5940285935929097,0.5940285935929097
Gradient Boosting,2023,Greece,GRC,61.905,60.864881509711694,1.0401184902883074,1.0401184902883074
Gradient Boosting,2023,Croatia,HRV,66.351,72.26057384499249,-5.909573844992494,5.909573844992494
Gradient Boosting,2023,Hungary,HUN,73.612,68.24145437265054,5.370545627349458,5.370545627349458
Gradient Boosting,2023,Ireland,IRL,73.009,64.5519597035592,8.457040296440795,8.457040296440795
Gradient Boosting,2023,Iceland,ISL,83.857,74.17296624552336,9.684033754476644,9.684033754476644
Gradient Boosting,2023,Italy,ITA,57.609,64.581573821848,-6.972573821847995,6.972573821847995
Gradient Boosting,2023,Lithuania,LTU,77.068,73.52291735962044,3.5450826403795617,3.5450826403795617
Gradient Boosting,2023,Luxembourg,LUX,70.49,72.97621559633883,-2.4862155963388375,2.4862155963388375
Gradient Boosting,2023,Latvia,LVA,74.372,75.02727208713702,-0.6552720871370212,0.6552720871370212
Gradient Boosting,2023,Moldova,MDA,72.727,60.46664325618368,12.260356743816324,12.260356743816324
Gradient Boosting,2023,North Macedonia,MKD,54.488,67.01010735739708,-12.522107357397076,12.522107357397076
Gradient Boosting,2023,Malta,MLT,72.35,68.23630012235282,4.1136998776471785,4.1136998776471785
Gradient Boosting,2023,Montenegro,MNE,65.528,62.901560569989655,2.6264394300103504,2.6264394300103504
Gradient Boosting,2023,Netherlands,NLD,81.944,79.0604716552812,2.8835283447187976,2.8835283447187976
Gradient Boosting,2023,Norway,NOR,78.067,78.98983338350926,-0.9228333835092712,0.9228333835092712
Gradient Boosting,2023,Poland,POL,69.439,72.40240690043387,-2.963406900433881,2.963406900433881
Gradient Boosting,2023,Portugal,PRT,75.315,71.49631651469146,3.81868348530854,3.81868348530854
Gradient Boosting,2023,Romania,ROU,57.11,66.27784686902743,-9.167846869027429,9.167846869027429
Gradient Boosting,2023,Russian Federation,RUS,71.705,72.00101089906494,-0.2960108990649388,0.2960108990649388
Gradient Boosting,2023,Serbia,SRB,67.276,61.13196301063853,6.144036989361467,6.144036989361467
Gradient Boosting,2023,Slovak Republic,SVK,72.702,66.90911464830329,5.792885351696711,5.792885351696711
Gradient Boosting,2023,Slovenia,SVN,72.49,73.3601543078283,-0.8701543078283009,0.8701543078283009
Gradient Boosting,2023,Sweden,SWE,82.187,78.15744380814357,4.029556191856429,4.029556191856429
Gradient Boosting,2023,Turkiye,TUR,40.694,57.51965610699768,-16.825656106997677,16.825656106997677
XGBoost,2019,Albania,ALB,61.902,59.58071517944336,2.3212848205566416,2.3212848205566416
XGBoost,2019,Austria,AUT,72.485,71.82131958007812,0.6636804199218744,0.6636804199218744
XGBoost,2019,Belgium,BEL,64.907,66.76655578613281,-1.859555786132816,1.859555786132816
XGBoost,2019,Bulgaria,BGR,69.01,69.04817199707031,-0.038171997070307384,0.038171997070307384
XGBoost,2019,Bosnia and Herzegovina,BIH,49.239,50.53703689575195,-1.298036895751956,1.298036895751956
XGBoost,2019,Belarus,BLR,75.141,74.34111785888672,0.7998821411132866,0.7998821411132866
XGBoost,2019,Switzerland,CHE,80.225,77.75891876220703,2.466081237792963,2.466081237792963
XGBoost,2019,Cyprus,CYP,71.806,70.46090698242188,1.3450930175781224,1.3450930175781224
XGBoost,2019,Czechia,CZE,69.6,68.67257690429688,0.9274230957031193,0.9274230957031193
XGBoost,2019,Germany,DEU,74.844,74.35189056396484,0.49210943603515034,0.49210943603515034
XGBoost,2019,Denmark,DNK,76.059,75.53091430664062,0.5280856933593725,0.5280856933593725
XGBoost,2019,Spain,ESP,68.728,72.05548095703125,-3.3274809570312556,3.3274809570312556
XGBoost,2019,Estonia,EST,75.479,74.10536193847656,1.3736380615234367,1.3736380615234367
XGBoost,2019,Finland,FIN,76.474,76.48698425292969,-0.012984252929683748,0.012984252929683748
XGBoost,2019,France,FRA,68.195,68.03426361083984,0.16073638916014943,0.16073638916014943
XGBoost,2019,United Kingdom,GBR,73.52,72.79999542236328,0.7200045776367148,0.7200045776367148
XGBoost,2019,Greece,GRC,59.523,60.08524703979492,-0.5622470397949186,0.5622470397949186
XGBoost,2019,Croatia,HRV,61.551,67.57746124267578,-6.026461242675779,6.026461242675779
XGBoost,2019,Hungary,HUN,69.222,68.37757110595703,0.844428894042963,0.844428894042963
XGBoost,2019,Ireland,IRL,67.408,66.78380584716797,0.6241941528320325,0.6241941528320325
XGBoost,2019,Iceland,ISL,84.479,81.88714599609375,2.591854003906249,2.591854003906249
XGBoost,2019,Italy,ITA,56.474,57.389923095703125,-0.9159230957031284,0.9159230957031284
XGBoost,2019,Lithuania,LTU,76.903,74.8816909790039,2.0213090209960995,2.0213090209960995
XGBoost,2019,Luxembourg,LUX,67.44,64.63954162597656,2.8004583740234352,2.8004583740234352
XGBoost,2019,Latvia,LVA,75.117,75.83926391601562,-0.7222639160156206,0.7222639160156206
XGBoost,2019,Moldova,MDA,71.158,70.29676818847656,0.8612318115234388,0.8612318115234388
XGBoost,2019,North Macedonia,MKD,53.783,57.21713638305664,-3.4341363830566394,3.4341363830566394
XGBoost,2019,Malta,MLT,63.806,63.30604934692383,0.49995065307616926,0.49995065307616926
XGBoost,2019,Montenegro,MNE,58.844,58.645809173583984,0.19819082641601682,0.19819082641601682
XGBoost,2019,Netherlands,NLD,79.472,78.82940673828125,0.6425932617187442,0.6425932617187442
XGBoost,2019,Norway,NOR,77.547,77.79383087158203,-0.2468308715820342,0.2468308715820342
XGBoost,2019,Poland,POL,64.207,66.60306549072266,-2.3960654907226626,2.3960654907226626
XGBoost,2019,Portugal,PRT,72.804,69.5618896484375,3.242110351562502,3.242110351562502
XGBoost,2019,Romania,ROU,53.648,61.183162689208984,-7.535162689208981,7.535162689208981
XGBoost,2019,Russian Federation,RUS,68.955,71.25379180908203,-2.298791809082033,2.298791809082033
XGBoost,2019,Serbia,SRB,61.166,60.34759521484375,0.8184047851562468,0.8184047851562468
XGBoost,2019,Slovak Republic,SVK,66.42,67.1076431274414,-0.6876431274414045,0.6876431274414045
XGBoost,2019,Slovenia,SVN,72.119,71.80561828613281,0.3133817138671873,0.3133817138671873
XGBoost,2019,Sweden,SWE,81.157,80.17414855957031,0.982851440429684,0.982851440429684
XGBoost,2019,Turkiye,TUR,38.369,44.847957611083984,-6.478957611083985,6.478957611083985
XGBoost,2019,Ukraine,UKR,62.889,62.5169563293457,0.3720436706542998,0.3720436706542998
XGBoost,2020,Albania,ALB,61.474,60.040409088134766,1.433590911865231,1.433590911865231
XGBoost,2020,Austria,AUT,72.424,71.35122680664062,1.0727731933593816,1.0727731933593816
XGBoost,2020,Belgium,BEL,64.484,66.7684097290039,-2.2844097290039116,2.2844097290039116
XGBoost,2020,Bulgaria,BGR,67.883,69.6099853515625,-1.7269853515625044,1.7269853515625044
XGBoost,2020,Bosnia and Herzegovina,BIH,48.233,54.54917526245117,-6.316175262451175,6.316175262451175
XGBoost,2020,Belarus,BLR,75.108,74.82306671142578,0.28493328857422284,0.28493328857422284
XGBoost,2020,Switzerland,CHE,80.032,78.2485580444336,1.7834419555664027,1.7834419555664027
XGBoost,2020,Cyprus,CYP,70.645,71.20564270019531,-0.5606427001953165,0.5606427001953165
XGBoost,2020,Czechia,CZE,68.982,68.12500762939453,0.8569923706054681,0.8569923706054681
XGBoost,2020,Germany,DEU,74.325,76.15220642089844,-1.8272064208984347,1.8272064208984347
XGBoost,2020,Denmark,DNK,76.049,74.77288055419922,1.2761194458007878,1.2761194458007878
XGBoost,2020,Spain,ESP,67.353,72.46198272705078,-5.108982727050787,5.108982727050787
XGBoost,2020,Estonia,EST,75.784,73.5283432006836,2.2556567993164123,2.2556567993164123
XGBoost,2020,Finland,FIN,76.429,76.23614501953125,0.19285498046875205,0.19285498046875205
XGBoost,2020,France,FRA,67.685,68.18559265136719,-0.5005926513671852,0.5005926513671852
XGBoost,2020,United Kingdom,GBR,73.987,72.98368835449219,1.0033116455078073,1.0033116455078073
XGBoost,2020,Greece,GRC,58.589,63.30335998535156,-4.714359985351564,4.714359985351564
XGBoost,2020,Croatia,HRV,61.798,69.66844177246094,-7.870441772460936,7.870441772460936
XGBoost,2020,Hungary,HUN,69.631,68.84871673583984,0.7822832641601565,0.7822832641601565
XGBoost,2020,Ireland,IRL,66.199,66.54529571533203,-0.3462957153320332,0.3462957153320332
XGBoost,2020,Iceland,ISL,82.175,80.22288513183594,1.9521148681640597,1.9521148681640597
XGBoost,2020,Italy,ITA,54.618,62.789302825927734,-8.171302825927732,8.171302825927732
XGBoost,2020,Lithuania,LTU,77.184,73.28931427001953,3.8946857299804662,3.8946857299804662
XGBoost,2020,Luxembourg,LUX,68.648,69.34275817871094,-0.6947581787109414,0.6947581787109414
XGBoost,2020,Latvia,LVA,75.628,75.57186126708984,0.056138732910156364,0.056138732910156364
XGBoost,2020,Moldova,MDA,70.793,69.21552276611328,1.5774772338867251,1.5774772338867251
XGBoost,2020,North Macedonia,MKD,53.005,62.2872314453125,-9.282231445312497,9.282231445312497
XGBoost,2020,Malta,MLT,66.046,63.6206169128418,2.4253830871582096,2.4253830871582096
XGBoost,2020,Montenegro,MNE,54.423,57.0715217590332,-2.6485217590332013,2.6485217590332013
XGBoost,2020,Netherlands,NLD,79.835,79.15677642822266,0.6782235717773375,0.6782235717773375
XGBoost,2020,Norway,NOR,77.784,75.90937042236328,1.8746295776367248,1.8746295776367248
XGBoost,2020,Poland,POL,64.321,66.71867370605469,-2.3976737060546895,2.3976737060546895
XGBoost,2020,Portugal,PRT,71.614,70.62857055664062,0.9854294433593793,0.9854294433593793
XGBoost,2020,Romania,ROU,54.281,62.63616180419922,-8.35516180419922,8.35516180419922
XGBoost,2020,Russian Federation,RUS,69.29,69.23163604736328,0.058363952636725,0.058363952636725
XGBoost,2020,Serbia,SRB,60.625,60.03752136230469,0.5874786376953125,0.5874786376953125
XGBoost,2020,Slovak Republic,SVK,66.442,67.7149429321289,-1.2729429321289132,1.2729429321289132
XGBoost,2020,Slovenia,SVN,71.928,71.56761169433594,0.36038830566405977,0.36038830566405977
XGBoost,2020,Sweden,SWE,80.302,77.5517349243164,2.7502650756836005,2.7502650756836005
XGBoost,2020,Turkiye,TUR,34.745,47.74585723876953,-13.000857238769534,13.000857238769534
XGBoost,2020,Ukraine,UKR,61.911,64.21370697021484,-2.3027069702148424,2.3027069702148424
XGBoost,2021,Albania,ALB,61.652,62.338348388671875,-0.686348388671874,0.686348388671874
XGBoost,2021,Austria,AUT,72.797,73.94363403320312,-1.146634033203128,1.146634033203128
XGBoost,2021,Belgium,BEL,65.642,67.09564208984375,-1.453642089843754,1.453642089843754
XGBoost,2021,Bulgaria,BGR,67.785,68.0918960571289,-0.30689605712890966,0.30689605712890966
XGBoost,2021,Bosnia and Herzegovina,BIH,48.81,53.134708404541016,-4.324708404541013,4.324708404541013
XGBoost,2021,Belarus,BLR,75.717,73.98735046386719,1.7296495361328112,1.7296495361328112
XGBoost,2021,Switzerland,CHE,80.146,76.54435729980469,3.6016427001953133,3.6016427001953133
XGBoost,2021,Cyprus,CYP,71.554,71.20317840576172,0.3508215942382833,0.3508215942382833
XGBoost,2021,Czechia,CZE,69.496,69.81385803222656,-0.3178580322265674,0.3178580322265674
XGBoost,2021,Germany,DEU,74.502,77.09325408935547,-2.5912540893554734,2.5912540893554734
XGBoost,2021,Denmark,DNK,76.45,76.42659759521484,0.023402404785159092,0.023402404785159092
XGBoost,2021,Spain,ESP,69.138,69.74410247802734,-0.6061024780273385,0.6061024780273385
XGBoost,2021,Estonia,EST,76.712,73.60294342041016,3.109056579589847,3.109056579589847
XGBoost,2021,Finland,FIN,77.245,76.58021545410156,0.664784545898442,0.664784545898442
XGBoost,2021,France,FRA,70.004,68.08479309082031,1.9192069091796924,1.9192069091796924
XGBoost,2021,United Kingdom,GBR,73.844,72.89517974853516,0.9488202514648378,0.9488202514648378
XGBoost,2021,Greece,GRC,59.632,61.606292724609375,-1.974292724609377,1.974292724609377
XGBoost,2021,Croatia,HRV,64.144,68.7050552368164,-4.561055236816401,4.561055236816401
XGBoost,2021,Hungary,HUN,71.027,68.61631774902344,2.4106822509765635,2.4106822509765635
XGBoost,2021,Ireland,IRL,69.803,69.87480163574219,-0.07180163574219023,0.07180163574219023
XGBoost,2021,Iceland,ISL,82.093,81.0567626953125,1.0362373046875035,1.0362373046875035
XGBoost,2021,Italy,ITA,55.356,62.555843353271484,-7.199843353271483,7.199843353271483
XGBoost,2021,Lithuania,LTU,77.207,73.57635498046875,3.6306450195312436,3.6306450195312436
XGBoost,2021,Luxembourg,LUX,69.647,67.55763244628906,2.089367553710943,2.089367553710943
XGBoost,2021,Latvia,LVA,72.958,74.98734283447266,-2.029342834472658,2.029342834472658
XGBoost,2021,Moldova,MDA,73.218,69.62833404541016,3.5896659545898473,3.5896659545898473
XGBoost,2021,North Macedonia,MKD,52.288,61.63248062133789,-9.344480621337894,9.344480621337894
XGBoost,2021,Malta,MLT,67.679,66.7940444946289,0.8849555053710958,0.8849555053710958
XGBoost,2021,Montenegro,MNE,52.787,61.71873474121094,-8.931734741210938,8.931734741210938
XGBoost,2021,Netherlands,NLD,80.204,78.7099838256836,1.4940161743163998,1.4940161743163998
XGBoost,2021,Norway,NOR,77.628,77.36815643310547,0.25984356689453136,0.25984356689453136
XGBoost,2021,Poland,POL,66.711,66.10265350341797,0.6083464965820298,0.6083464965820298
XGBoost,2021,Portugal,PRT,72.328,69.00391387939453,3.3240861206054717,3.3240861206054717
XGBoost,2021,Romania,ROU,55.164,62.615509033203125,-7.4515090332031235,7.4515090332031235
XGBoost,2021,Russian Federation,RUS,70.346,69.84111785888672,0.5048821411132849,0.5048821411132849
XGBoost,2021,Serbia,SRB,64.198,60.22684097290039,3.9711590270996027,3.9711590270996027
XGBoost,2021,Slovak Republic,SVK,70.547,67.48797607421875,3.059023925781247,3.059023925781247
XGBoost,2021,Slovenia,SVN,72.494,72.25789642333984,0.23610357666015602,0.23610357666015602
XGBoost,2021,Sweden,SWE,80.51,78.68074035644531,1.8292596435546926,1.8292596435546926
XGBoost,2021,Turkiye,TUR,37.038,50.92926025390625,-13.891260253906253,13.891260253906253
XGBoost,2021,Ukraine,UKR,61.748,64.2220687866211,-2.474068786621096,2.474068786621096
XGBoost,2022,Albania,ALB,67.298,62.699989318847656,4.598010681152346,4.598010681152346
XGBoost,2022,Austria,AUT,73.535,75.52400970458984,-1.9890097045898472,1.9890097045898472
XGBoost,2022,Belgium,BEL,66.753,68.98872375488281,-2.2357237548828124,2.2357237548828124
XGBoost,2022,Bulgaria,BGR,70.032,71.989013671875,-1.9570136718750035,1.9570136718750035
XGBoost,2022,Bosnia and Herzegovina,BIH,50.706,54.60175323486328,-3.895753234863278,3.895753234863278
XGBoost,2022,Belarus,BLR,76.072,74.19153594970703,1.8804640502929715,1.8804640502929715
XGBoost,2022,Switzerland,CHE,79.733,75.5038833618164,4.229116638183598,4.229116638183598
XGBoost,2022,Cyprus,CYP,73.577,70.7927017211914,2.784298278808592,2.784298278808592
XGBoost,2022,Czechia,CZE,70.111,72.18272399902344,-2.0717239990234333,2.0717239990234333
XGBoost,2022,Germany,DEU,75.311,76.90736389160156,-1.5963638916015555,1.5963638916015555
XGBoost,2022,Denmark,DNK,78.018,78.97051239013672,-0.9525123901367181,0.9525123901367181
XGBoost,2022,Spain,ESP,69.524,71.3949203491211,-1.8709203491210928,1.8709203491210928
XGBoost,2022,Estonia,EST,79.503,74.40929412841797,5.093705871582031,5.093705871582031
XGBoost,2022,Finland,FIN,78.93,76.822998046875,2.107001953125007,2.107001953125007
XGBoost,2022,France,FRA,70.609,71.68437194824219,-1.0753719482421928,1.0753719482421928
XGBoost,2022,United Kingdom,GBR,73.498,73.15786743164062,0.34013256835937966,0.34013256835937966
XGBoost,2022,Greece,GRC,61.55,63.083988189697266,-1.5339881896972685,1.5339881896972685
XGBoost,2022,Croatia,HRV,65.891,71.38870239257812,-5.49770239257812,5.49770239257812
XGBoost,2022,Hungary,HUN,72.304,69.56324768066406,2.7407523193359395,2.7407523193359395
XGBoost,2022,Ireland,IRL,71.698,70.04790496826172,1.6500950317382745,1.6500950317382745
XGBoost,2022,Iceland,ISL,84.045,75.87866973876953,8.16633026123047,8.16633026123047
XGBoost,2022,Italy,ITA,56.419,66.7354965209961,-10.316496520996097,10.316496520996097
XGBoost,2022,Lithuania,LTU,77.482,74.13957977294922,3.3424202270507806,3.3424202270507806
XGBoost,2022,Luxembourg,LUX,70.035,69.2103042602539,0.8246957397460903,0.8246957397460903
XGBoost,2022,Latvia,LVA,74.436,76.48868560791016,-2.052685607910149,2.052685607910149
XGBoost,2022,Moldova,MDA,73.822,65.50337982177734,8.318620178222659,8.318620178222659
XGBoost,2022,North Macedonia,MKD,54.175,67.56466674804688,-13.389666748046878,13.389666748046878
XGBoost,2022,Malta,MLT,71.819,72.0185546875,-0.19955468749999739,0.19955468749999739
XGBoost,2022,Montenegro,MNE,61.514,66.0209732055664,-4.506973205566403,4.506973205566403
XGBoost,2022,Netherlands,NLD,81.134,79.40555572509766,1.728444274902344,1.728444274902344
XGBoost,2022,Norway,NOR,77.781,76.47425079345703,1.3067492065429747,1.3067492065429747
XGBoost,2022,Poland,POL,68.076,67.73023223876953,0.34576776123046216,0.34576776123046216
XGBoost,2022,Portugal,PRT,73.882,72.99940490722656,0.8825950927734425,0.8825950927734425
XGBoost,2022,Romania,ROU,56.909,64.64338684082031,-7.734386840820314,7.734386840820314
XGBoost,2022,Russian Federation,RUS,71.036,71.03761291503906,-0.0016129150390611358,0.0016129150390611358
XGBoost,2022,Serbia,SRB,65.81,60.84292221069336,4.967077789306643,4.967077789306643
XGBoost,2022,Slovak Republic,SVK,72.247,69.04914093017578,3.1978590698242186,3.1978590698242186
XGBoost,2022,Slovenia,SVN,73.402,74.12496185302734,-0.7229618530273427,0.7229618530273427
XGBoost,2022,Sweden,SWE,81.145,79.05572509765625,2.089274902343746,2.089274902343746
XGBoost,2022,Turkiye,TUR,39.734,54.3592643737793,-14.625264373779295,14.625264373779295
XGBoost,2023,Albania,ALB,70.046,61.15742111206055,8.88857888793946,8.88857888793946
XGBoost,2023,Austria,AUT,73.97,73.95266723632812,0.017332763671873863,0.017332763671873863
XGBoost,2023,Belgium,BEL,66.685,67.6449966430664,-0.959996643066404,0.959996643066404
XGBoost,2023,Bulgaria,BGR,70.473,72.16736602783203,-1.6943660278320323,1.6943660278320323
XGBoost,2023,Bosnia and Herzegovina,BIH,52.057,57.0365104675293,-4.979510467529295,4.979510467529295
XGBoost,2023,Belarus,BLR,76.065,74.45338439941406,1.6116156005859352,1.6116156005859352
XGBoost,2023,Switzerland,CHE,80.35,75.74946594238281,4.600534057617182,4.600534057617182
XGBoost,2023,Cyprus,CYP,75.172,70.87187194824219,4.3001280517578095,4.3001280517578095
XGBoost,2023,Czechia,CZE,71.231,71.98973083496094,-0.758730834960943,0.758730834960943
XGBoost,2023,Germany,DEU,75.898,75.15131378173828,0.7466862182617149,0.7466862182617149
XGBoost,2023,Denmark,DNK,78.403,76.7293930053711,1.673606994628912,1.673606994628912
XGBoost,2023,Spain,ESP,70.439,71.92378234863281,-1.4847823486328195,1.4847823486328195
XGBoost,2023,Estonia,EST,80.904,73.73613739013672,7.167862609863278,7.167862609863278
XGBoost,2023,Finland,FIN,79.251,76.43428802490234,2.816711975097661,2.816711975097661
XGBoost,2023,France,FRA,71.148,71.9593505859375,-0.8113505859375039,0.8113505859375039
XGBoost,2023,United Kingdom,GBR,73.435,71.86885833740234,1.5661416625976585,1.5661416625976585
XGBoost,2023,Greece,GRC,61.905,62.29677200317383,-0.391772003173827,0.391772003173827
XGBoost,2023,Croatia,HRV,66.351,72.76729583740234,-6.416295837402345,6.416295837402345
XGBoost,2023,Hungary,HUN,73.612,70.7557601928711,2.856239807128901,2.856239807128901
XGBoost,2023,Ireland,IRL,73.009,67.34527587890625,5.66372412109375,5.66372412109375
XGBoost,2023,Iceland,ISL,83.857,78.5093765258789,5.347623474121093,5.347623474121093
XGBoost,2023,Italy,ITA,57.609,65.69927978515625,-8.090279785156248,8.090279785156248
XGBoost,2023,Lithuania,LTU,77.068,74.35985565185547,2.708144348144529,2.708144348144529
XGBoost,2023,Luxembourg,LUX,70.49,67.13685607910156,3.3531439208984324,3.3531439208984324
XGBoost,2023,Latvia,LVA,74.372,76.64950561523438,-2.277505615234375,2.277505615234375
XGBoost,2023,Moldova,MDA,72.727,63.814022064208984,8.91297793579102,8.91297793579102
XGBoost,2023,North Macedonia,MKD,54.488,68.54066467285156,-14.052664672851563,14.052664672851563
XGBoost,2023,Malta,MLT,72.35,71.9488296508789,0.40117034912108807,0.40117034912108807
XGBoost,2023,Montenegro,MNE,65.528,63.50447463989258,2.0235253601074277,2.0235253601074277
XGBoost,2023,Netherlands,NLD,81.944,78.6729507446289,3.2710492553710964,3.2710492553710964
XGBoost,2023,Norway,NOR,78.067,76.17919158935547,1.8878084106445243,1.8878084106445243
XGBoost,2023,Poland,POL,69.439,69.60125732421875,-0.16225732421875705,0.16225732421875705
XGBoost,2023,Portugal,PRT,75.315,74.11223602294922,1.202763977050779,1.202763977050779
XGBoost,2023,Romania,ROU,57.11,66.0863037109375,-8.9763037109375,8.9763037109375
XGBoost,2023,Russian Federation,RUS,71.705,72.21083068847656,-0.5058306884765642,0.5058306884765642
XGBoost,2023,Serbia,SRB,67.276,61.78776931762695,5.488230682373043,5.488230682373043
XGBoost,2023,Slovak Republic,SVK,72.702,68.74815368652344,3.9538463134765607,3.9538463134765607
XGBoost,2023,Slovenia,SVN,72.49,75.95252990722656,-3.4625299072265676,3.4625299072265676
XGBoost,2023,Sweden,SWE,82.187,78.4771728515625,3.7098271484374976,3.7098271484374976
XGBoost,2023,Turkiye,TUR,40.694,56.7847900390625,-16.090790039062497,16.090790039062497
Extra Trees,2019,Albania,ALB,61.902,58.05821376981881,3.8437862301811876,3.8437862301811876
Extra Trees,2019,Austria,AUT,72.485,71.18982927793691,1.2951707220630908,1.2951707220630908
Extra Trees,2019,Belgium,BEL,64.907,67.368959544545,-2.46195954454501,2.46195954454501
Extra Trees,2019,Bulgaria,BGR,69.01,70.01402241424273,-1.0040224142427263,1.0040224142427263
Extra Trees,2019,Bosnia and Herzegovina,BIH,49.239,51.60016307600722,-2.361163076007223,2.361163076007223
Extra Trees,2019,Belarus,BLR,75.141,71.8801800810815,3.2608199189185,3.2608199189185
Extra Trees,2019,Switzerland,CHE,80.225,77.51263982502836,2.7123601749716357,2.7123601749716357
Extra Trees,2019,Cyprus,CYP,71.806,70.4051271162121,1.4008728837878976,1.4008728837878976
Extra Trees,2019,Czechia,CZE,69.6,68.52638698094296,1.073613019057035,1.073613019057035
Extra Trees,2019,Germany,DEU,74.844,74.1451736882139,0.6988263117860924,0.6988263117860924
Extra Trees,2019,Denmark,DNK,76.059,75.426414648025,0.6325853519749955,0.6325853519749955
Extra Trees,2019,Spain,ESP,68.728,69.46104484980002,-0.7330448498000237,0.7330448498000237
Extra Trees,2019,Estonia,EST,75.479,72.94437325202932,2.5346267479706768,2.5346267479706768
Extra Trees,2019,Finland,FIN,76.474,75.10751006430797,1.3664899356920301,1.3664899356920301
Extra Trees,2019,France,FRA,68.195,67.66669230225432,0.5283076977456744,0.5283076977456744
Extra Trees,2019,United Kingdom,GBR,73.52,73.00178068082027,0.5182193191797211,0.5182193191797211
Extra Trees,2019,Greece,GRC,59.523,60.7327827535169,-1.2097827535168975,1.2097827535168975
Extra Trees,2019,Croatia,HRV,61.551,65.9386408044123,-4.3876408044123,4.3876408044123
Extra Trees,2019,Hungary,HUN,69.222,66.99122792447173,2.2307720755282645,2.2307720755282645
Extra Trees,2019,Ireland,IRL,67.408,66.90908759631067,0.49891240368933154,0.49891240368933154
Extra Trees,2019,Iceland,ISL,84.479,82.62604684297179,1.8529531570282103,1.8529531570282103
Extra Trees,2019,Italy,ITA,56.474,58.355238318138845,-1.8812383181388483,1.8812383181388483
Extra Trees,2019,Lithuania,LTU,76.903,71.6129967362341,5.290003263765911,5.290003263765911
Extra Trees,2019,Luxembourg,LUX,67.44,64.76548810168654,2.6745118983134546,2.6745118983134546
Extra Trees,2019,Latvia,LVA,75.117,73.11623415198179,2.0007658480182187,2.0007658480182187
Extra Trees,2019,Moldova,MDA,71.158,66.62014846274202,4.537851537257978,4.537851537257978
Extra Trees,2019,North Macedonia,MKD,53.783,55.770561585081516,-1.9875615850815151,1.9875615850815151
Extra Trees,2019,Malta,MLT,63.806,61.33708807115234,2.4689119288476604,2.4689119288476604
Extra Trees,2019,Montenegro,MNE,58.844,58.22590811661247,0.6180918833875282,0.6180918833875282
Extra Trees,2019,Netherlands,NLD,79.472,77.67882695013624,1.7931730498637535,1.7931730498637535
Extra Trees,2019,Norway,NOR,77.547,77.14006636973362,0.40693363026637996,0.40693363026637996
Extra Trees,2019,Poland,POL,64.207,65.18603601286719,-0.9790360128671978,0.9790360128671978
Extra Trees,2019,Portugal,PRT,72.804,69.33573617630731,3.468263823692695,3.468263823692695
Extra Trees,2019,Romania,ROU,53.648,58.33955425188272,-4.691554251882714,4.691554251882714
Extra Trees,2019,Russian Federation,RUS,68.955,69.4965784818833,-0.541578481883306,0.541578481883306
Extra Trees,2019,Serbia,SRB,61.166,59.283669389866056,1.8823306101339412,1.8823306101339412
Extra Trees,2019,Slovak Republic,SVK,66.42,66.31849396099764,0.10150603900235922,0.10150603900235922
Extra Trees,2019,Slovenia,SVN,72.119,71.15381279380681,0.9651872061931925,0.9651872061931925
Extra Trees,2019,Sweden,SWE,81.157,79.27129196835381,1.885708031646189,1.885708031646189
Extra Trees,2019,Turkiye,TUR,38.369,45.02008012764028,-6.651080127640277,6.651080127640277
Extra Trees,2019,Ukraine,UKR,62.889,63.31848668963598,-0.42948668963597925,0.42948668963597925
Extra Trees,2020,Albania,ALB,61.474,58.11784312820474,3.356156871795257,3.356156871795257
Extra Trees,2020,Austria,AUT,72.424,70.91754600355767,1.5064539964423318,1.5064539964423318
Extra Trees,2020,Belgium,BEL,64.484,67.86839987384117,-3.3843998738411756,3.3843998738411756
Extra Trees,2020,Bulgaria,BGR,67.883,70.19622291612421,-2.313222916124218,2.313222916124218
Extra Trees,2020,Bosnia and Herzegovina,BIH,48.233,53.59034370795865,-5.357343707958655,5.357343707958655
Extra Trees,2020,Belarus,BLR,75.108,71.37375159017878,3.7342484098212196,3.7342484098212196
Extra Trees,2020,Switzerland,CHE,80.032,77.3274681213793,2.704531878620699,2.704531878620699
Extra Trees,2020,Cyprus,CYP,70.645,70.32863682880875,0.3163631711912416,0.3163631711912416
Extra Trees,2020,Czechia,CZE,68.982,68.32610465651504,0.655895343484957,0.655895343484957
Extra Trees,2020,Germany,DEU,74.325,74.22360470157336,0.10139529842663819,0.10139529842663819
Extra Trees,2020,Denmark,DNK,76.049,75.04254645906303,1.006453540936974,1.006453540936974
Extra Trees,2020,Spain,ESP,67.353,69.57327627742362,-2.220276277423622,2.220276277423622
Extra Trees,2020,Estonia,EST,75.784,72.13814106402835,3.6458589359716598,3.6458589359716598
Extra Trees,2020,Finland,FIN,76.429,74.96022523735091,1.4687747626490903,1.4687747626490903
Extra Trees,2020,France,FRA,67.685,68.08458032001974,-0.3995803200197372,0.3995803200197372
Extra Trees,2020,United Kingdom,GBR,73.987,72.40202379819473,1.5849762018052616,1.5849762018052616
Extra Trees,2020,Greece,GRC,58.589,61.15385721786935,-2.5648572178693527,2.5648572178693527
Extra Trees,2020,Croatia,HRV,61.798,67.95863284133041,-6.160632841330411,6.160632841330411
Extra Trees,2020,Hungary,HUN,69.631,67.19135986998278,2.4396401300172244,2.4396401300172244
Extra Trees,2020,Ireland,IRL,66.199,67.4662839379566,-1.2672839379566057,1.2672839379566057
Extra Trees,2020,Iceland,ISL,82.175,81.72375452602246,0.45124547397753645,0.45124547397753645
Extra Trees,2020,Italy,ITA,54.618,62.6290424211024,-8.011042421102395,8.011042421102395
Extra Trees,2020,Lithuania,LTU,77.184,70.71147752928172,6.472522470718275,6.472522470718275
Extra Trees,2020,Luxembourg,LUX,68.648,67.08029573879999,1.5677042612000065,1.5677042612000065
Extra Trees,2020,Latvia,LVA,75.628,72.21412600853444,3.4138739914655645,3.4138739914655645
Extra Trees,2020,Moldova,MDA,70.793,65.86450033072992,4.9284996692700815,4.9284996692700815
Extra Trees,2020,North Macedonia,MKD,53.005,57.9917298845968,-4.986729884596798,4.986729884596798
Extra Trees,2020,Malta,MLT,66.046,61.76353885632668,4.2824611436733235,4.2824611436733235
Extra Trees,2020,Montenegro,MNE,54.423,57.80653924347013,-3.383539243470125,3.383539243470125
Extra Trees,2020,Netherlands,NLD,79.835,78.36879024515282,1.4662097548471706,1.4662097548471706
Extra Trees,2020,Norway,NOR,77.784,76.72574887914416,1.058251120855843,1.058251120855843
Extra Trees,2020,Poland,POL,64.321,65.60256895212406,-1.2815689521240614,1.2815689521240614
Extra Trees,2020,Portugal,PRT,71.614,69.10931824467643,2.504681755323574,2.504681755323574
Extra Trees,2020,Romania,ROU,54.281,61.03394346487347,-6.752943464873468,6.752943464873468
Extra Trees,2020,Russian Federation,RUS,69.29,66.9076719781247,2.38232802187531,2.38232802187531
Extra Trees,2020,Serbia,SRB,60.625,59.76123285110687,0.8637671488931318,0.8637671488931318
Extra Trees,2020,Slovak Republic,SVK,66.442,67.17317446847326,-0.7311744684732702,0.7311744684732702
Extra Trees,2020,Slovenia,SVN,71.928,70.98496380246566,0.9430361975343402,0.9430361975343402
Extra Trees,2020,Sweden,SWE,80.302,78.94011306955225,1.3618869304477528,1.3618869304477528
Extra Trees,2020,Turkiye,TUR,34.745,48.738248930219655,-13.993248930219657,13.993248930219657
Extra Trees,2020,Ukraine,UKR,61.911,63.32783011854861,-1.41683011854861,1.41683011854861
Extra Trees,2021,Albania,ALB,61.652,57.91358020139639,3.7384197986036085,3.7384197986036085
Extra Trees,2021,Austria,AUT,72.797,71.2450269410984,1.551973058901595,1.551973058901595
Extra Trees,2021,Belgium,BEL,65.642,68.30331363434587,-2.6613136343458734,2.6613136343458734
Extra Trees,2021,Bulgaria,BGR,67.785,69.34698055359844,-1.5619805535984455,1.5619805535984455
Extra Trees,2021,Bosnia and Herzegovina,BIH,48.81,53.439562390033345,-4.6295623900333425,4.6295623900333425
Extra Trees,2021,Belarus,BLR,75.717,70.95070639494746,4.766293605052539,4.766293605052539
Extra Trees,2021,Switzerland,CHE,80.146,76.88000097408873,3.2659990259112703,3.2659990259112703
Extra Trees,2021,Cyprus,CYP,71.554,70.19962054803803,1.3543794519619752,1.3543794519619752
Extra Trees,2021,Czechia,CZE,69.496,69.82881424336419,-0.3328142433641972,0.3328142433641972
Extra Trees,2021,Germany,DEU,74.502,74.30769039153549,0.19430960846450773,0.19430960846450773
Extra Trees,2021,Denmark,DNK,76.45,76.21326817199298,0.23673182800702364,0.23673182800702364
Extra Trees,2021,Spain,ESP,69.138,69.45966385409953,-0.32166385409952625,0.32166385409952625
Extra Trees,2021,Estonia,EST,76.712,72.80758280783323,3.9044171921667754,3.9044171921667754
Extra Trees,2021,Finland,FIN,77.245,74.97768717883962,2.267312821160388,2.267312821160388
Extra Trees,2021,France,FRA,70.004,68.27339078978461,1.7306092102153912,1.7306092102153912
Extra Trees,2021,United Kingdom,GBR,73.844,72.17531414362604,1.6686858563739548,1.6686858563739548
Extra Trees,2021,Greece,GRC,59.632,61.76184716444121,-2.129847164441209,2.129847164441209
Extra Trees,2021,Croatia,HRV,64.144,68.83119135207147,-4.687191352071466,4.687191352071466
Extra Trees,2021,Hungary,HUN,71.027,67.41094953033725,3.6160504696627527,3.6160504696627527
Extra Trees,2021,Ireland,IRL,69.803,66.7015094802006,3.1014905197993983,3.1014905197993983
Extra Trees,2021,Iceland,ISL,82.093,81.36434987593441,0.7286501240655952,0.7286501240655952
Extra Trees,2021,Italy,ITA,55.356,64.40676893577049,-9.050768935770485,9.050768935770485
Extra Trees,2021,Lithuania,LTU,77.207,71.4015655375996,5.805434462400399,5.805434462400399
Extra Trees,2021,Luxembourg,LUX,69.647,69.22748534811774,0.4195146518822668,0.4195146518822668
Extra Trees,2021,Latvia,LVA,72.958,72.78625163394439,0.17174836605560984,0.17174836605560984
Extra Trees,2021,Moldova,MDA,73.218,63.10554983428047,10.112450165719537,10.112450165719537
Extra Trees,2021,North Macedonia,MKD,52.288,59.95171482176647,-7.663714821766476,7.663714821766476
Extra Trees,2021,Malta,MLT,67.679,64.73070650178073,2.9482934982192717,2.9482934982192717
Extra Trees,2021,Montenegro,MNE,52.787,60.91899897510709,-8.131998975107088,8.131998975107088
Extra Trees,2021,Netherlands,NLD,80.204,78.62987589158567,1.574124108414324,1.574124108414324
Extra Trees,2021,Norway,NOR,77.628,77.08102269615776,0.5469773038422403,0.5469773038422403
Extra Trees,2021,Poland,POL,66.711,66.62150499360403,0.08949500639596408,0.08949500639596408
Extra Trees,2021,Portugal,PRT,72.328,69.07657033929998,3.251429660700026,3.251429660700026
Extra Trees,2021,Romania,ROU,55.164,62.71528152417805,-7.5512815241780515,7.5512815241780515
Extra Trees,2021,Russian Federation,RUS,70.346,67.09231647157927,3.253683528420737,3.253683528420737
Extra Trees,2021,Serbia,SRB,64.198,60.1307960073975,4.067203992602494,4.067203992602494
Extra Trees,2021,Slovak Republic,SVK,70.547,67.04074121930935,3.5062587806906436,3.5062587806906436
Extra Trees,2021,Slovenia,SVN,72.494,71.15026618483061,1.3437338151693865,1.3437338151693865
Extra Trees,2021,Sweden,SWE,80.51,78.40332556168599,2.106674438314016,2.106674438314016
Extra Trees,2021,Turkiye,TUR,37.038,51.06978547238237,-14.031785472382374,14.031785472382374
Extra Trees,2021,Ukraine,UKR,61.748,63.13970632270574,-1.391706322705744,1.391706322705744
Extra Trees,2022,Albania,ALB,67.298,58.53801591937749,8.759984080622509,8.759984080622509
Extra Trees,2022,Austria,AUT,73.535,71.94029444126559,1.594705558734404,1.594705558734404
Extra Trees,2022,Belgium,BEL,66.753,69.55600332741898,-2.8030033274189776,2.8030033274189776
Extra Trees,2022,Bulgaria,BGR,70.032,70.51181063121422,-0.47981063121422096,0.47981063121422096
Extra Trees,2022,Bosnia and Herzegovina,BIH,50.706,53.968089652754614,-3.262089652754611,3.262089652754611
Extra Trees,2022,Belarus,BLR,76.072,70.7592887536934,5.3127112463066055,5.3127112463066055
Extra Trees,2022,Switzerland,CHE,79.733,76.17391204439227,3.559087955607737,3.559087955607737
Extra Trees,2022,Cyprus,CYP,73.577,70.08240559873263,3.4945944012673635,3.4945944012673635
Extra Trees,2022,Czechia,CZE,70.111,70.52084687308859,-0.4098468730885827,0.4098468730885827
Extra Trees,2022,Germany,DEU,75.311,74.61699508042781,0.694004919572194,0.694004919572194
Extra Trees,2022,Denmark,DNK,78.018,76.64085656684993,1.3771434331500672,1.3771434331500672
Extra Trees,2022,Spain,ESP,69.524,69.59966392666344,-0.07566392666343802,0.07566392666343802
Extra Trees,2022,Estonia,EST,79.503,72.35283618011695,7.150163819883048,7.150163819883048
Extra Trees,2022,Finland,FIN,78.93,75.05207247329692,3.8779275267030897,3.8779275267030897
Extra Trees,2022,France,FRA,70.609,68.57312445360765,2.0358755463923472,2.0358755463923472
Extra Trees,2022,United Kingdom,GBR,73.498,72.11037152814649,1.3876284718535175,1.3876284718535175
Extra Trees,2022,Greece,GRC,61.55,62.64605164416325,-1.0960516441632535,1.0960516441632535
Extra Trees,2022,Croatia,HRV,65.891,69.14922358728865,-3.25822358728864,3.25822358728864
Extra Trees,2022,Hungary,HUN,72.304,67.41635796655079,4.887642033449211,4.887642033449211
Extra Trees,2022,Ireland,IRL,71.698,67.03261045987985,4.665389540120145,4.665389540120145
Extra Trees,2022,Iceland,ISL,84.045,76.5272935288405,7.517706471159499,7.517706471159499
Extra Trees,2022,Italy,ITA,56.419,67.4326161055519,-11.013616105551904,11.013616105551904
Extra Trees,2022,Lithuania,LTU,77.482,71.50689176179824,5.975108238201756,5.975108238201756
Extra Trees,2022,Luxembourg,LUX,70.035,69.0807432210012,0.954256778998797,0.954256778998797
Extra Trees,2022,Latvia,LVA,74.436,72.69243284352369,1.7435671564763169,1.7435671564763169
Extra Trees,2022,Moldova,MDA,73.822,61.59973764479625,12.222262355203753,12.222262355203753
Extra Trees,2022,North Macedonia,MKD,54.175,62.75798187268046,-8.582981872680463,8.582981872680463
Extra Trees,2022,Malta,MLT,71.819,69.65714713323479,2.1618528667652157,2.1618528667652157
Extra Trees,2022,Montenegro,MNE,61.514,63.273128130851745,-1.7591281308517424,1.7591281308517424
Extra Trees,2022,Netherlands,NLD,81.134,77.69364988510834,3.4403501148916575,3.4403501148916575
Extra Trees,2022,Norway,NOR,77.781,76.31092259473863,1.470077405261378,1.470077405261378
Extra Trees,2022,Poland,POL,68.076,67.68154210186934,0.39445789813065346,0.39445789813065346
Extra Trees,2022,Portugal,PRT,73.882,69.62351160448519,4.258488395514817,4.258488395514817
Extra Trees,2022,Romania,ROU,56.909,64.03013857920405,-7.12113857920405,7.12113857920405
Extra Trees,2022,Russian Federation,RUS,71.036,66.64988622313363,4.386113776866367,4.386113776866367
Extra Trees,2022,Serbia,SRB,65.81,60.92135002872407,4.888649971275932,4.888649971275932
Extra Trees,2022,Slovak Republic,SVK,72.247,67.16253784262753,5.084462157372471,5.084462157372471
Extra Trees,2022,Slovenia,SVN,73.402,70.84329087646066,2.5587091235393444,2.5587091235393444
Extra Trees,2022,Sweden,SWE,81.145,78.82846221526569,2.316537784734308,2.316537784734308
Extra Trees,2022,Turkiye,TUR,39.734,53.82623036672762,-14.09223036672762,14.09223036672762
Extra Trees,2023,Albania,ALB,70.046,58.51099517623439,11.535004823765618,11.535004823765618
Extra Trees,2023,Austria,AUT,73.97,71.76753735681136,2.202462643188639,2.202462643188639
Extra Trees,2023,Belgium,BEL,66.685,68.73495962530511,-2.0499596253051067,2.0499596253051067
Extra Trees,2023,Bulgaria,BGR,70.473,70.39669867695727,0.07630132304272763,0.07630132304272763
Extra Trees,2023,Bosnia and Herzegovina,BIH,52.057,55.762423328075656,-3.7054233280756534,3.7054233280756534
Extra Trees,2023,Belarus,BLR,76.065,70.29737452209925,5.767625477900751,5.767625477900751
Extra Trees,2023,Switzerland,CHE,80.35,76.24402822974143,4.105971770258563,4.105971770258563
Extra Trees,2023,Cyprus,CYP,75.172,70.12799441348656,5.0440055865134354,5.0440055865134354
Extra Trees,2023,Czechia,CZE,71.231,69.39202532459166,1.8389746754083376,1.8389746754083376
Extra Trees,2023,Germany,DEU,75.898,73.5537835811792,2.3442164188207926,2.3442164188207926
Extra Trees,2023,Denmark,DNK,78.403,76.48605891496601,1.9169410850339972,1.9169410850339972
Extra Trees,2023,Spain,ESP,70.439,69.55324452034993,0.885755479650058,0.885755479650058
Extra Trees,2023,Estonia,EST,80.904,71.9286439988421,8.975356001157891,8.975356001157891
Extra Trees,2023,Finland,FIN,79.251,75.05389230008474,4.197107699915264,4.197107699915264
Extra Trees,2023,France,FRA,71.148,68.30222965247025,2.8457703475297507,2.8457703475297507
Extra Trees,2023,United Kingdom,GBR,73.435,70.45308809614974,2.9819119038502606,2.9819119038502606
Extra Trees,2023,Greece,GRC,61.905,62.750390415884475,-0.8453904158844736,0.8453904158844736
Extra Trees,2023,Croatia,HRV,66.351,69.57155203446479,-3.220552034464788,3.220552034464788
Extra Trees,2023,Hungary,HUN,73.612,67.40759595490235,6.204404045097647,6.204404045097647
Extra Trees,2023,Ireland,IRL,73.009,66.20734351070155,6.801656489298452,6.801656489298452
Extra Trees,2023,Iceland,ISL,83.857,76.93388622141529,6.923113778584707,6.923113778584707
Extra Trees,2023,Italy,ITA,57.609,67.59547227473185,-9.986472274731845,9.986472274731845
Extra Trees,2023,Lithuania,LTU,77.068,71.26809515168817,5.799904848311826,5.799904848311826
Extra Trees,2023,Luxembourg,LUX,70.49,68.73694962787967,1.7530503721203274,1.7530503721203274
Extra Trees,2023,Latvia,LVA,74.372,72.48752208523563,1.8844779147643749,1.8844779147643749
Extra Trees,2023,Moldova,MDA,72.727,60.52255256787316,12.204447432126841,12.204447432126841
Extra Trees,2023,North Macedonia,MKD,54.488,65.0225232592187,-10.534523259218702,10.534523259218702
Extra Trees,2023,Malta,MLT,72.35,69.63311721210384,2.7168827878961537,2.7168827878961537
Extra Trees,2023,Montenegro,MNE,65.528,62.73432114588982,2.7936788541101834,2.7936788541101834
Extra Trees,2023,Netherlands,NLD,81.944,77.89378502968944,4.050214970310563,4.050214970310563
Extra Trees,2023,Norway,NOR,78.067,76.27099561016882,1.7960043898311682,1.7960043898311682
Extra Trees,2023,Poland,POL,69.439,68.62941270434978,0.8095872956502177,0.8095872956502177
Extra Trees,2023,Portugal,PRT,75.315,69.9511493104679,5.3638506895321,5.3638506895321
Extra Trees,2023,Romania,ROU,57.11,64.20199736733598,-7.091997367335978,7.091997367335978
Extra Trees,2023,Russian Federation,RUS,71.705,69.89134590322647,1.8136540967735328,1.8136540967735328
Extra Trees,2023,Serbia,SRB,67.276,61.44479544967018,5.831204550329815,5.831204550329815
Extra Trees,2023,Slovak Republic,SVK,72.702,66.93914587892675,5.7628541210732465,5.7628541210732465
Extra Trees,2023,Slovenia,SVN,72.49,70.96581613981922,1.52418386018077,1.52418386018077
Extra Trees,2023,Sweden,SWE,82.187,78.32314814075134,3.863851859248655,3.863851859248655
Extra Trees,2023,Turkiye,TUR,40.694,56.588457356807076,-15.894457356807074,15.894457356807074
